index,sugar to flour ratio,sugar index,bake temp,chill time,calories,density,pH,grams baking soda,bake time,quality,butter type,weight,diameter,crunch factor,aesthetic appeal,raisins,nuts,chocolate,oats,peanut butter,butter melted or cubed,prediction
0,0.62,19.25,400,41.0,172.0,1.0002,7.98,0.67,9.7,0,melted,16.6,7,1.85,3,0,1,1,0,0,0,5
1,0.35,1.0,520,35.0,146.0,0.993,8.45,0.44,10.0,0,melted,13.8,7,1.43,3,0,0,1,0,0,0,7
2,0.39,10.4,440,20.0,142.0,0.9974,8.2,0.53,10.0,0,melted,17.0,7,1.57,3,0,0,1,0,0,0,8
3,0.33,1.1,570,21.0,82.0,0.991,8.32,0.46,10.9,0,melted,12.4,7,1.44,3,0,0,1,1,0,0,9
4,0.37,13.5,600,52.0,192.0,0.9975,8.0,0.44,9.1,0,melted,14.8,7,1.51,3,0,0,1,0,0,0,7
5,0.31,5.5,480,42.0,173.0,0.9951,8.19,0.66,9.3,0,melted,12.8,7,1.86,3,1,0,0,0,0,0,8
6,0.35,2.3,530,36.0,114.0,0.9924,8.28,0.5,10.2,0,melted,11.6,7,1.23,3,0,0,1,0,0,0,8
7,0.88,6.2,490,20.0,124.0,0.9968,7.99,0.51,9.9,0,melted,20.4,7,1.36,3,0,1,1,0,0,0,5
8,0.36,7.0,360,45.0,164.0,0.9939,8.03,0.33,11.0,0,melted,15.0,7,1.21,3,0,0,1,0,0,0,7
9,0.32,2.4,480,41.0,200.0,0.9938,8.5,0.5,9.7,0,melted,12.8,7,1.37,3,0,0,1,1,0,0,8
10,0.22,7.3,410,26.0,157.0,0.9957,8.44,0.64,9.8,0,melted,12.4,7,1.09,3,0,0,1,0,0,0,8
11,0.26,4.8,370,36.0,148.0,0.9928,8.21,0.41,10.4,0,melted,12.4,7,1.0,3,1,0,0,0,0,0,9
12,0.23,6.3,390,37.0,143.0,0.9944,8.19,0.65,10.0,0,melted,12.8,7,1.42,3,1,0,0,0,0,0,8
13,0.41,1.3,360,33.0,85.0,0.992,8.17,0.51,10.4,0,melted,14.4,7,1.69,3,0,0,1,0,0,0,7
14,0.3,1.8,330,16.0,91.0,0.9906,8.28,0.4,11.8,0,melted,12.6,7,1.72,3,0,0,1,0,0,0,8
15,0.43,7.8,450,27.0,153.0,0.9964,8.19,0.55,9.0,0,melted,14.8,7,1.98,3,0,0,1,0,0,0,7
16,0.41,15.6,560,75.0,155.0,0.9995,8.2,0.44,8.8,0,melted,13.4,7,1.81,3,0,0,1,1,0,0,7
17,0.33,1.1,500,24.0,169.0,0.9927,8.15,0.78,9.5,0,melted,12.2,7,1.63,3,1,0,0,0,0,0,6
18,0.43,2.0,210,20.0,69.0,0.99,8.08,0.56,12.2,0,melted,14.6,7,1.05,3,0,0,1,0,0,0,6
19,0.4,1.5,370,35.0,107.0,0.9917,8.46,0.5,11.4,0,melted,12.6,7,1.33,3,0,0,1,0,0,0,9
20,0.39,1.2,440,26.0,116.0,0.992,8.26,0.53,10.3,0,melted,12.6,7,1.15,3,0,0,1,1,0,0,8
21,0.34,2.3,450,73.5,214.0,0.9934,8.18,0.61,9.9,0,melted,14.8,7,1.25,3,0,0,1,1,0,0,9
22,0.37,1.6,280,24.0,102.0,0.9913,8.29,0.59,11.6,0,melted,13.4,7,1.26,3,0,0,1,0,0,0,9
23,0.53,18.15,470,59.0,182.0,0.9992,8.09,0.52,9.6,0,melted,14.4,7,1.97,3,0,0,1,0,0,0,7
24,0.34,8.9,430,31.0,172.0,0.9964,8.22,0.6,9.2,0,melted,13.4,7,1.52,3,0,1,1,0,0,0,7
25,0.62,10.8,410,70.0,189.0,0.9976,8.08,0.49,8.6,0,melted,14.4,7,1.6,3,0,1,1,0,0,0,6
26,0.29,2.25,370,8.0,210.0,0.9937,8.19,0.62,9.9,0,melted,13.0,7,1.66,3,1,0,0,0,0,0,8
27,0.12,1.3,410,62.0,138.0,0.9921,8.21,0.42,10.0,0,melted,13.4,7,1.68,3,0,0,1,0,0,0,7
28,0.65,10.4,500,76.0,192.0,0.9976,8.16,0.42,8.7,0,melted,14.4,7,1.14,3,0,1,1,0,0,0,7
29,0.29,7.5,490,38.0,158.0,0.9965,8.43,0.38,9.6,0,melted,14.6,7,1.85,3,0,0,1,0,0,0,7
30,0.27,1.9,510,52.0,195.0,0.9928,8.23,0.5,10.9,0,melted,15.6,7,1.25,3,0,0,1,0,0,0,8
31,0.33,13.9,460,68.0,179.0,0.9971,8.36,0.5,10.4,0,melted,12.6,7,1.35,3,0,0,1,0,0,0,8
32,0.48,14.2,420,62.0,204.0,0.9983,8.06,0.59,9.4,0,melted,14.8,7,1.34,3,1,0,0,0,0,0,7
33,0.26,2.7,380,39.0,187.0,0.99325,8.41,0.5,10.8,0,melted,12.0,7,1.55,3,1,0,0,0,0,0,8
34,0.34,1.6,320,23.0,128.0,0.9917,8.37,0.47,11.7,0,melted,13.8,7,1.54,3,1,0,0,0,0,0,7
35,0.4,1.2,470,54.0,134.0,0.9932,8.3,0.97,9.8,0,melted,14.2,7,1.01,3,0,0,1,1,0,0,8
36,0.36,2.1,340,30.0,177.0,0.99085,8.25,0.4,11.9,0,melted,14.6,7,1.73,3,0,0,1,0,0,0,10
37,0.29,1.6,340,29.0,118.0,0.9917,8.3,0.5,11.0,0,melted,14.6,7,1.34,3,0,0,1,0,0,0,8
38,0.44,1.9,400,9.0,121.0,0.9953,8.19,0.48,9.9,0,melted,17.6,7,1.63,3,1,0,0,0,0,0,6
39,0.32,4.6,570,59.0,144.0,0.9956,8.55,0.44,9.4,0,melted,14.0,7,1.51,3,0,0,1,1,0,0,8
40,0.33,1.6,430,63.0,149.0,0.9925,8.44,0.52,10.8,0,melted,13.8,7,1.96,3,0,0,1,1,0,0,8
41,0.34,1.3,460,6.0,29.0,0.9924,8.29,0.63,10.4,0,melted,12.0,7,1.03,3,0,0,1,0,0,0,5
42,0.39,1.3,550,32.0,146.0,0.993,8.08,0.39,10.5,0,melted,16.6,7,1.51,3,0,0,1,1,0,0,7
43,0.22,2.8,360,19.0,113.0,0.9926,8.03,0.29,10.2,0,melted,15.2,7,1.77,3,1,0,0,0,0,0,8
44,0.47,11.2,710,44.0,136.0,0.9968,7.98,0.88,9.2,0,melted,13.6,7,1.67,3,1,0,0,0,0,0,7
45,0.29,7.6,470,45.0,232.0,0.9955,8.35,0.62,10.0,0,melted,12.4,7,1.5,3,1,0,0,0,0,0,8
46,0.26,4.1,730,36.0,202.0,0.9956,8.3,0.67,9.5,0,melted,13.4,7,1.0,3,0,0,1,0,0,0,8
47,0.34,2.6,370,33.0,125.0,0.9923,8.1,0.49,11.1,0,melted,15.0,7,1.1,3,0,0,1,1,0,0,7
48,0.38,14.8,540,32.0,126.0,1.0002,8.22,0.5,9.7,0,melted,16.6,7,1.53,3,0,0,1,0,0,0,7
49,0.33,4.7,590,31.0,118.0,0.9956,8.43,0.39,9.0,0,melted,13.6,7,1.81,3,0,0,1,1,0,0,8
50,0.69,10.2,410,58.0,160.0,0.9977,8.06,0.45,8.6,0,melted,14.6,7,1.81,3,1,0,0,0,0,0,7
51,0.34,8.3,370,33.0,216.0,0.9976,8.31,0.64,9.7,0,melted,16.2,7,1.97,3,0,1,1,0,0,0,7
52,0.32,1.1,310,15.0,151.0,0.9936,8.03,0.41,10.6,0,melted,18.2,7,1.61,3,0,0,1,0,0,0,7
53,0.3,4.8,370,37.0,171.0,0.9967,8.47,0.44,9.0,0,melted,15.8,7,1.87,3,0,0,1,1,0,0,7
54,0.29,16.85,540,23.0,135.0,0.9998,8.16,0.38,9.0,0,melted,15.6,7,1.41,3,1,0,0,0,0,0,8
55,0.33,2.0,450,31.0,101.0,0.9931,8.42,0.55,11.4,0,melted,14.8,7,1.7,3,0,0,1,0,0,0,7
56,0.46,15.55,370,61.0,171.0,0.9986,7.94,0.35,8.8,0,melted,14.0,7,1.8,3,0,0,1,0,0,0,8
57,0.16,1.5,490,10.0,97.0,0.9917,8.48,0.44,10.7,0,melted,10.0,7,1.36,3,1,0,0,0,0,0,8
58,0.42,1.15,330,18.0,96.0,0.9911,8.2,0.32,12.4,0,melted,16.6,7,1.81,3,1,0,0,0,0,0,8
59,0.37,4.5,300,40.0,114.0,0.992,8.17,0.54,12.4,0,melted,15.8,7,1.46,3,0,1,1,0,0,0,9
60,0.38,6.8,360,64.0,245.0,0.9951,8.06,0.36,9.3,0,melted,12.4,7,2.0,3,0,0,1,0,0,0,8
61,0.33,1.5,470,44.0,167.0,0.9928,8.12,0.44,10.5,0,melted,13.6,7,1.95,3,0,0,1,0,0,0,7
62,0.23,2.0,290,13.0,151.0,0.9931,8.04,0.33,10.4,0,melted,15.2,7,1.4,3,1,1,0,0,0,0,7
63,0.32,1.7,320,30.0,130.0,0.9911,8.28,0.41,11.2,0,melted,12.4,7,1.75,3,1,0,0,0,0,0,9
64,0.29,5.4,440,31.0,122.0,0.9940000000000001,8.3,0.5,11.1,0,melted,14.8,7,1.64,3,0,1,1,0,0,0,7
65,0.26,1.3,450,16.0,128.0,0.9934,8.36,0.6,10.0,0,melted,13.2,7,1.41,3,0,0,1,0,0,0,8
66,0.24,14.2,530,19.0,94.0,0.9982,8.17,0.5,9.6,0,melted,13.8,7,1.57,3,0,0,1,0,0,0,8
67,0.49,7.1,500,67.0,210.0,0.9951,8.23,0.34,9.5,0,melted,12.6,7,1.77,3,0,0,1,0,0,0,8
68,0.49,1.2,610,27.0,117.0,0.9938,8.08,0.34,9.4,0,melted,16.0,7,1.31,3,0,0,1,0,0,0,6
69,0.74,4.45,440,33.0,130.0,0.9924,8.25,0.42,12.2,0,melted,16.6,7,1.95,3,0,0,1,0,0,0,8
70,0.49,5.4,480,54.0,164.0,0.9946,8.56,0.44,10.8,0,melted,12.8,7,1.01,3,0,0,1,1,0,0,8
71,0.49,3.0,300,30.0,96.0,0.9903,8.13,0.39,12.3,0,melted,14.2,7,1.68,3,0,0,1,0,0,0,9
72,0.24,3.6,570,13.0,85.0,0.9942,7.99,0.48,9.5,0,melted,13.8,7,1.38,3,0,0,1,0,0,0,6
73,0.49,1.6,500,17.0,131.0,0.9956,8.13,0.34,9.4,0,melted,17.8,7,1.45,3,1,0,0,0,0,0,7
74,0.49,1.0,390,46.0,131.0,0.993,8.09,0.51,10.5,0,melted,18.0,7,1.45,3,0,0,1,1,0,0,7
75,0.24,1.8,530,6.0,121.0,0.993,8.23,0.7,11.4,0,melted,13.8,7,1.54,3,0,0,1,0,0,0,6
76,0.49,1.0,440,29.0,118.0,0.9928,8.24,0.36,10.9,0,melted,16.4,7,1.83,3,0,0,1,0,0,0,9
77,0.49,1.3,460,27.0,142.0,0.9936,8.09,0.59,10.2,0,melted,15.6,7,1.99,3,0,0,1,0,0,0,8
78,0.49,7.7,490,53.0,217.0,0.996,8.16,0.4,9.3,0,melted,13.2,7,1.68,3,1,0,0,0,0,0,7
79,0.49,1.4,470,30.0,114.0,0.9914,7.92,0.42,10.8,0,melted,13.4,7,1.67,3,0,0,1,0,0,0,8
80,0.46,15.4,590,32.0,177.0,1.0004,8.27,0.58,9.0,0,melted,16.2,7,1.03,3,0,0,1,0,0,0,7
81,0.34,5.9,550,33.0,128.0,0.9927,7.95,0.51,11.8,0,melted,17.6,7,1.67,3,1,0,0,0,0,0,9
82,0.2,6.6,450,42.0,170.0,0.9944,8.36,0.45,10.4,0,melted,12.4,7,1.78,3,1,0,0,0,0,0,8
83,0.28,14.4,550,55.0,205.0,0.9986,8.12,0.38,9.0,0,melted,14.4,7,1.02,3,0,0,1,0,0,0,9
84,0.26,1.55,410,118.5,216.0,0.9949,8.55,0.63,9.4,0,melted,13.4,7,1.75,3,0,0,1,0,0,0,7
85,0.3,4.2,400,41.0,213.0,0.9927,8.28,0.49,11.8,0,melted,14.0,7,1.29,3,0,0,1,0,0,0,8
86,0.3,4.2,400,41.0,213.0,0.9927,8.28,0.49,11.8,0,melted,14.0,7,1.21,3,0,0,1,0,0,0,8
87,0.3,1.8,430,25.0,121.0,0.9944,8.44,0.61,10.2,0,melted,13.4,7,1.72,3,0,0,1,0,0,0,6
88,0.36,11.1,330,43.0,208.0,0.9969,8.14,0.46,10.3,0,melted,15.8,7,1.11,3,0,0,1,0,0,0,6
89,0.34,1.6,400,43.0,148.0,0.9912,8.32,0.59,11.5,0,melted,13.0,7,1.87,3,0,0,1,1,0,0,10
90,0.31,6.0,460,29.0,108.0,0.9939,8.26,0.5,10.8,0,melted,14.0,7,1.53,3,0,0,1,0,0,0,8
91,0.33,1.7,500,28.0,178.0,0.9954,8.16,0.43,9.0,0,melted,18.6,7,1.69,3,0,0,1,0,0,0,7
92,0.48,2.7,520,24.0,190.0,0.995,8.5,0.45,10.9,0,melted,16.4,7,1.34,3,0,0,1,1,0,0,7
93,0.44,14.5,450,68.0,212.0,0.9986,8.48,0.36,10.0,0,melted,15.2,7,1.21,3,0,1,1,0,0,0,8
94,0.3,1.1,310,40.0,99.0,0.9929,7.94,0.3,10.4,0,melted,18.4,7,1.67,3,0,0,1,0,0,0,10
95,0.3,9.6,570,50.0,185.0,0.9978,8.39,0.38,9.6,0,melted,13.8,7,1.44,3,0,0,1,1,0,0,8
96,0.29,4.8,500,33.0,87.0,0.9940000000000001,8.14,0.42,9.9,0,melted,15.0,7,1.72,3,0,0,1,0,0,0,9
97,0.28,2.5,460,40.0,153.0,0.9921,8.38,0.51,11.4,0,melted,13.4,7,1.01,3,0,0,1,1,0,0,6
98,0.3,10.9,370,18.0,112.0,0.997,8.4,0.5,9.6,0,melted,14.6,7,1.1,3,0,0,1,0,0,0,8
99,0.22,1.7,510,50.0,179.0,0.9955,8.28,0.69,8.9,0,melted,14.8,7,1.74,3,1,0,0,0,0,0,8
100,0.28,4.5,460,33.0,102.0,0.9918,8.16,0.56,12.2,0,melted,15.4,7,1.63,3,0,1,1,0,0,0,10
101,0.35,14.0,690,42.0,163.0,0.9990000000000001,8.56,0.47,9.8,0,melted,13.2,7,1.57,3,0,0,1,0,0,0,7
102,0.36,1.8,340,43.0,150.0,0.9922,8.42,0.69,11.0,0,melted,12.8,7,1.93,3,0,0,1,1,0,0,10
103,0.26,9.25,340,73.0,142.0,0.9945,8.05,0.37,11.4,0,melted,17.0,7,1.5,3,0,0,1,0,0,0,8
104,0.27,9.05,390,37.0,128.0,0.9936,8.27,0.34,11.3,0,melted,13.8,7,1.49,3,0,0,1,0,0,0,8
105,0.21,7.1,400,35.0,162.0,0.9956,8.39,0.58,9.9,0,melted,12.8,7,1.46,3,0,0,1,0,0,0,8
106,0.22,10.2,490,57.0,191.0,0.9966,8.08,0.4,9.3,0,melted,15.2,7,1.51,3,1,0,0,0,0,0,8
107,0.21,1.5,490,39.0,184.0,0.9928,8.18,0.41,9.9,0,melted,13.2,7,1.87,3,1,0,0,0,0,0,7
108,0.23,6.3,510,35.0,240.0,0.9963,8.36,0.54,10.0,0,melted,14.6,7,1.41,3,0,0,1,1,0,0,8
109,0.24,15.1,300,34.0,153.0,0.9953,8.13,0.51,12.0,0,melted,14.8,7,1.91,3,0,1,1,0,0,0,9
110,0.33,1.0,540,24.0,164.0,0.9926,8.42,0.51,10.5,0,melted,13.8,7,1.1,3,0,0,1,1,0,0,7
111,0.2,11.5,490,44.0,157.0,0.998,8.27,0.44,9.0,0,melted,14.8,7,1.21,3,0,1,1,0,0,0,7
112,0.42,1.6,560,34.0,181.0,0.9968,8.11,0.46,10.0,0,melted,20.0,7,1.16,3,1,0,0,1,0,0,8
113,0.3,7.8,490,57.0,202.0,0.9958,8.24,0.39,9.5,0,melted,13.2,7,1.91,3,0,0,1,0,0,0,8
114,0.4,17.85,490,50.0,185.0,1.0,8.34,0.42,9.6,0,melted,14.4,7,2.0,3,0,0,1,0,0,0,7
115,0.42,14.3,450,45.0,213.0,0.9991,8.18,0.63,9.2,0,melted,15.4,7,1.04,3,1,0,0,0,0,0,7
116,0.33,10.3,390,73.0,212.0,0.9969,7.93,0.49,9.5,0,melted,15.8,7,1.33,3,0,0,1,0,0,0,8
117,0.33,10.3,390,73.0,212.0,0.9969,7.93,0.49,9.5,0,melted,15.8,7,1.78,3,0,0,1,0,0,0,8
118,0.36,5.7,380,26.0,98.0,0.9914,7.93,0.59,12.5,0,melted,14.4,7,1.41,3,1,0,0,0,0,0,9
119,0.3,2.1,490,21.0,153.0,0.9953,8.09,0.5,9.6,0,melted,16.6,7,1.36,3,0,0,1,0,0,0,8
120,0.26,1.3,410,20.0,71.0,0.9926,8.04,0.74,9.9,0,melted,14.2,7,1.37,3,0,0,1,1,0,0,8
121,0.34,9.3,620,40.0,126.0,0.9966,8.21,0.39,9.6,0,melted,15.2,7,1.76,3,0,0,1,1,0,0,7
122,0.27,1.7,280,10.0,59.0,0.9923,7.97,0.48,10.4,0,melted,16.4,7,1.04,3,1,0,0,0,0,0,7
123,0.36,1.6,400,25.0,87.0,0.9924,8.23,0.66,10.3,0,melted,13.6,7,1.22,3,0,0,1,0,0,0,6
124,0.27,4.6,800,34.0,172.0,0.9938,8.23,0.39,11.1,0,melted,14.6,7,1.15,3,0,0,1,1,0,0,8
125,0.35,1.2,310,27.0,84.0,0.9928,8.33,0.34,9.9,0,melted,14.4,7,1.59,3,0,0,1,1,0,0,8
126,0.32,7.6,520,35.0,143.0,0.9959,8.14,0.38,9.0,0,melted,13.6,7,1.92,3,1,0,0,0,0,0,7
127,0.3,7.8,490,39.0,152.0,0.9954,7.99,0.58,10.0,0,melted,16.2,7,1.58,3,0,0,1,0,0,0,8
128,0.42,1.1,510,61.0,197.0,0.9932,8.02,0.4,9.0,0,melted,11.4,7,1.31,3,0,1,1,0,0,0,7
129,0.31,1.4,460,37.0,135.0,0.9939,8.34,0.57,10.2,0,melted,14.4,7,1.34,3,0,0,1,1,0,0,7
130,0.46,1.4,460,34.0,185.0,0.9966,8.02,0.49,10.2,0,melted,19.8,7,1.94,3,0,0,0,0,1,0,8
131,0.38,4.3,440,49.0,172.0,0.996,8.37,0.74,10.8,0,melted,16.2,7,1.63,3,0,0,1,0,0,0,9
132,0.13,17.2,360,49.0,219.0,0.9996,7.96,0.46,9.7,0,melted,16.0,7,1.53,3,0,0,1,0,0,0,7
133,0.31,1.0,240,13.0,91.0,0.993,7.79,0.37,10.1,0,melted,17.0,7,1.92,3,0,0,1,1,0,0,7
134,0.42,6.9,460,50.0,173.0,0.9958,8.19,0.46,9.0,0,melted,13.6,7,1.15,3,1,0,0,0,0,0,7
135,0.3,3.2,300,49.0,164.0,0.9927,8.53,0.79,11.7,0,melted,12.6,7,1.61,3,0,1,1,0,0,0,9
136,0.5,12.8,420,57.0,184.0,0.9984,8.09,0.46,9.0,0,melted,15.0,7,1.43,3,1,0,0,0,0,0,7
137,0.3,14.2,560,53.0,212.5,0.9990000000000001,8.14,0.46,8.9,0,melted,15.2,7,1.75,3,0,0,1,0,0,0,10
138,0.33,14.6,430,47.0,168.0,0.9994,8.34,0.67,8.8,0,melted,14.0,7,1.65,3,0,0,1,0,0,0,8
139,0.33,14.6,430,47.0,168.0,0.9994,8.34,0.67,8.8,0,melted,14.0,7,1.28,3,0,0,1,0,0,0,8
140,0.3,8.1,260,14.0,71.0,0.993,7.94,0.36,11.8,0,melted,18.0,7,1.77,3,1,1,0,0,0,0,5
141,0.3,8.1,260,14.0,71.0,0.993,7.94,0.36,11.8,0,melted,18.0,7,1.21,3,1,1,0,0,0,0,5
142,0.35,0.6,420,11.0,71.0,0.9926,8.08,0.38,10.6,0,melted,17.4,7,1.58,3,0,0,1,0,0,0,7
143,0.27,4.8,280,22.0,104.0,0.9948,8.34,0.45,9.2,0,melted,11.2,7,1.57,3,0,0,1,1,0,0,7
144,0.43,9.2,460,22.0,126.0,0.9982,8.38,0.47,9.3,0,melted,16.6,7,1.38,3,1,0,0,0,0,0,8
145,0.44,6.6,520,28.0,156.0,0.9955,8.14,0.41,9.6,0,melted,13.6,7,1.29,3,1,0,0,0,0,0,7
146,0.27,18.15,420,41.0,146.0,1.0001,8.3,0.36,8.7,0,melted,13.6,7,1.31,3,0,0,1,0,0,0,7
147,0.31,4.9,310,20.0,151.0,0.9926,8.36,0.82,12.0,0,melted,13.4,7,1.69,3,1,0,0,0,0,0,9
148,0.33,1.8,360,23.0,96.0,0.9925,8.32,0.4,10.8,0,melted,13.4,7,1.36,3,0,0,1,0,0,0,7
149,0.25,1.6,300,25.0,126.0,0.9901,8.22,0.34,12.1,0,melted,14.2,7,1.29,3,1,0,0,0,0,0,9
150,0.3,1.3,570,25.0,173.0,0.9948,8.26,0.51,9.1,0,melted,14.6,7,1.1,3,1,0,0,0,0,0,7
151,0.26,5.2,400,31.0,140.0,0.995,8.26,0.68,9.5,0,melted,13.0,7,1.73,3,0,0,1,1,0,0,8
152,0.27,5.6,430,43.0,164.0,0.9953,8.27,0.76,9.5,0,melted,13.2,7,1.86,3,0,0,1,0,0,0,8
153,0.19,8.0,440,51.0,172.0,0.9964,8.16,0.44,9.2,0,melted,14.4,7,1.98,3,0,0,1,0,0,0,8
154,0.19,7.7,450,53.0,176.0,0.9958,8.17,0.38,9.5,0,melted,14.4,7,1.79,3,0,0,1,0,0,0,7
155,0.4,8.9,480,33.0,146.0,0.9988,8.4,0.46,9.3,0,melted,16.8,7,1.74,3,0,0,1,0,0,0,8
156,0.31,10.7,380,59.0,186.0,0.9969,8.12,0.55,9.5,0,melted,15.4,7,1.41,3,0,0,1,0,0,0,8
157,0.25,17.1,500,44.0,138.0,1.0001,8.3,0.37,8.8,0,melted,13.0,7,1.19,3,0,0,1,0,0,0,7
158,0.32,3.1,410,18.0,126.0,0.9914,8.43,0.42,12.0,0,melted,12.8,7,1.38,3,0,0,1,0,0,0,8
159,0.28,4.9,350,36.0,109.0,0.9918,8.19,0.58,12.2,0,melted,15.4,7,1.46,3,1,0,0,0,0,0,9
160,0.27,2.1,300,22.0,162.0,0.9914,7.99,0.68,11.9,0,melted,16.6,7,1.34,3,0,0,1,0,0,0,8
161,0.26,7.1,540,41.0,224.0,0.9966,8.38,0.55,10.1,0,melted,14.4,7,1.82,3,0,0,1,1,0,0,8
162,0.52,13.2,470,64.0,179.0,0.9982,8.1,0.46,9.0,0,melted,15.0,7,1.21,3,0,0,1,0,0,0,7
163,0.32,2.7,370,18.0,89.0,0.9924,8.4,0.74,11.5,0,melted,13.0,7,1.63,3,0,0,1,1,0,0,10
164,0.31,10.0,540,49.0,165.0,0.997,8.4,0.42,9.9,0,melted,14.4,7,1.22,3,0,0,1,0,0,0,8
165,0.35,15.3,560,31.0,117.0,0.9998,8.27,0.5,9.6,0,melted,15.4,7,1.15,3,0,0,1,0,0,0,7
166,0.33,2.1,520,15.0,76.0,0.993,8.2,0.41,10.6,0,melted,14.0,7,1.65,3,0,0,1,0,0,0,8
167,0.39,1.9,540,23.0,91.0,0.9941,8.27,0.45,10.3,0,melted,15.0,7,1.27,3,0,0,1,1,0,0,8
168,0.45,8.6,520,34.0,187.0,0.9994,8.12,0.59,10.2,0,melted,19.6,7,1.06,3,1,0,0,1,0,0,7
169,0.28,18.8,280,55.0,130.0,0.998,7.96,0.35,11.6,0,melted,16.8,7,1.17,3,0,0,1,0,0,0,8
170,0.3,12.8,530,48.5,229.0,0.9986,8.14,0.49,9.1,0,melted,14.8,7,1.57,3,0,0,1,1,0,0,9
171,0.25,3.8,440,30.0,114.0,0.992,8.11,0.4,11.0,0,melted,14.8,7,1.84,3,0,0,1,0,0,0,8
172,0.24,6.6,400,38.0,141.0,0.995,8.22,0.47,9.5,0,melted,12.6,7,1.09,3,1,0,0,0,0,0,8
173,0.35,10.7,370,34.0,145.0,0.9981,8.09,0.32,9.7,0,melted,18.4,7,1.54,3,0,0,1,0,0,0,8
174,0.26,1.1,370,20.0,71.0,0.9902,8.1,0.38,11.7,0,melted,14.0,7,1.33,3,0,0,1,0,0,0,6
175,0.35,1.5,390,24.0,125.0,0.9918,8.17,0.64,12.2,0,melted,14.0,7,1.03,3,1,0,0,0,0,0,8
176,0.29,1.4,470,23.0,107.0,0.9939,8.52,0.65,10.4,0,melted,14.8,7,1.53,3,0,0,1,1,0,0,9
177,0.34,13.8,410,32.0,161.0,0.9981,8.13,0.4,9.9,0,melted,17.0,7,1.66,3,0,0,1,0,0,0,8
178,0.28,10.8,510,25.0,157.0,0.9957,8.06,0.47,11.4,0,melted,16.0,7,1.1,3,0,1,1,0,0,0,9
179,0.35,9.2,340,42.0,150.0,0.9947,8.21,0.36,11.5,0,melted,13.8,7,1.36,3,0,0,1,0,0,0,8
180,0.31,2.8,540,16.0,89.0,0.99416,7.96,0.45,9.5,0,melted,16.8,7,1.08,3,0,0,1,0,0,0,6
181,0.35,1.6,490,10.0,164.0,0.99516,8.35,0.51,9.7,0,melted,13.0,7,1.23,3,1,0,0,0,0,0,6
182,0.42,8.5,480,10.0,147.0,0.9974,8.32,0.46,9.5,0,melted,13.8,7,1.17,3,0,1,1,0,0,0,8
183,0.18,8.2,420,41.0,180.0,0.99644,8.16,0.49,9.1,0,melted,14.4,7,1.46,3,0,0,1,0,0,0,7
184,0.19,7.8,400,48.0,184.0,0.99579,8.16,0.5,9.4,0,melted,14.2,7,1.87,3,0,0,1,0,0,0,7
185,0.2,14.9,600,37.0,162.0,0.9983,8.13,0.45,9.0,0,melted,12.8,7,1.71,3,1,0,0,0,0,0,6
186,0.29,1.7,470,16.0,100.0,0.9924299999999999,8.28,0.45,10.6,0,melted,14.8,7,1.68,3,0,0,1,0,0,0,8
187,0.18,7.7,480,45.0,186.0,0.9962,8.23,0.47,9.0,0,melted,12.6,7,1.46,3,0,0,1,0,0,0,7
188,0.54,17.3,600,46.0,235.0,1.0018200000000002,8.08,0.61,8.8,0,melted,18.4,7,1.52,3,1,0,0,0,0,0,7
189,0.35,1.4,390,24.0,128.0,0.9921200000000001,7.97,0.68,10.4,0,melted,14.2,7,1.53,3,0,0,1,1,0,0,8
190,0.54,1.4,1570,34.0,132.0,0.99449,8.11,0.53,9.0,0,melted,14.4,7,1.3,3,1,0,0,0,0,0,8
191,0.21,15.7,560,49.0,159.0,0.9982700000000001,8.11,0.48,9.0,0,melted,13.8,7,1.79,3,1,0,0,0,0,0,7
192,0.3,1.3,330,25.0,91.0,0.9926799999999999,8.53,0.39,10.6,0,melted,14.8,7,1.27,3,0,0,1,1,0,0,8
193,0.52,1.3,1480,45.0,149.0,0.9946799999999999,8.08,0.56,8.7,0,melted,14.2,7,1.42,3,0,1,1,0,0,0,7
194,0.25,1.3,470,20.0,77.0,0.9933,8.61,0.54,10.2,0,melted,12.8,7,1.82,3,0,0,1,1,0,0,7
195,0.22,1.3,460,18.0,66.0,0.9930700000000001,8.61,0.55,10.3,0,melted,12.6,7,1.13,3,0,0,1,1,0,0,7
196,0.26,15.6,490,67.0,210.0,0.9990700000000001,8.06,0.68,9.5,0,melted,14.8,7,1.12,3,1,0,0,0,0,0,7
197,0.26,15.6,490,67.0,210.0,0.9990700000000001,8.06,0.68,9.5,0,melted,14.8,7,1.56,3,1,0,0,0,0,0,7
198,0.28,6.5,370,26.0,97.0,0.9914799999999999,8.16,0.58,12.6,0,melted,14.6,7,1.98,3,0,1,1,0,0,0,9
199,0.28,2.7,470,38.0,150.0,0.99365,8.1,0.56,10.8,0,melted,17.2,7,1.23,3,0,0,1,1,0,0,8
200,0.42,10.6,420,66.0,202.0,0.99674,8.24,0.53,9.5,0,melted,13.0,7,1.73,3,0,0,1,0,0,0,7
201,0.18,3.5,270,23.0,109.0,0.99018,8.34,0.54,12.8,0,melted,12.6,7,1.12,3,0,1,1,0,0,0,8
202,0.33,2.3,430,28.0,125.0,0.9908399999999999,8.34,0.44,12.6,0,melted,14.6,7,1.88,3,1,0,0,0,0,0,9
203,0.2,1.4,600,15.0,168.0,0.9944,8.06,0.4,9.4,0,melted,15.0,7,1.06,3,0,1,1,0,0,0,8
204,0.3,5.0,400,40.0,143.0,0.9917299999999999,8.33,0.42,12.2,0,melted,14.0,7,1.58,3,1,0,0,0,0,0,8
205,0.55,14.6,530,34.0,159.0,0.99805,7.93,0.44,9.2,0,melted,13.6,7,1.46,3,0,0,1,0,0,0,7
206,0.62,10.6,450,51.0,153.0,0.99779,8.16,0.44,8.8,0,melted,15.0,7,1.48,3,0,0,1,0,0,0,7
207,0.35,9.8,670,61.0,180.0,0.9972,8.15,0.57,9.0,0,melted,13.0,7,1.05,3,0,0,1,0,0,0,8
208,0.22,13.3,480,46.0,212.0,0.9994200000000001,8.47,0.59,10.0,0,melted,15.8,7,1.71,3,1,0,0,0,0,0,7
209,0.29,1.7,350,39.0,144.0,0.9927,8.49,0.5,10.5,0,melted,13.0,7,1.17,3,0,0,1,1,0,0,8
210,0.26,12.6,530,44.0,182.0,0.99802,8.42,0.42,9.7,0,melted,13.4,7,1.26,3,0,0,1,0,0,0,8
211,0.73,7.2,990,47.0,202.0,0.99582,8.21,0.43,9.2,0,melted,12.4,7,1.31,3,0,1,1,0,0,0,8
212,0.18,3.0,360,5.0,85.0,0.99125,8.28,0.4,11.5,0,melted,12.0,7,1.14,3,1,0,0,0,0,0,6
213,0.34,1.5,910,42.0,135.0,0.9938,8.25,0.49,9.6,0,melted,12.8,7,1.29,3,0,0,1,1,0,0,9
214,0.25,17.75,470,25.0,218.0,1.00016,7.98,0.66,9.1,0,melted,16.8,7,1.21,3,1,0,0,0,0,0,8
215,0.42,2.0,470,16.0,104.0,0.9951700000000001,8.09,0.66,10.0,0,melted,18.4,7,1.18,3,0,0,1,1,0,0,8
216,0.49,2.0,440,18.0,107.0,0.9951399999999999,8.1,0.53,10.2,0,melted,18.4,7,1.26,3,0,0,1,1,0,0,7
217,0.28,8.2,380,72.0,202.0,0.99566,8.12,0.56,10.0,0,melted,16.0,7,1.96,3,0,0,1,0,0,0,8
218,0.41,19.35,700,67.0,207.0,1.00118,8.39,0.53,9.1,0,melted,12.2,7,1.28,3,1,0,0,0,0,0,7
219,0.18,7.7,960,28.0,210.0,0.99771,8.56,0.72,9.2,0,melted,12.4,7,1.65,3,0,1,1,0,0,0,7
220,0.18,7.7,960,28.0,210.0,0.99771,8.56,0.72,9.2,0,melted,12.4,7,1.02,3,0,1,1,0,0,0,7
221,0.17,8.3,420,61.0,195.0,0.99577,8.22,0.46,9.4,0,melted,12.8,7,1.06,3,0,0,1,0,0,0,7
222,0.17,8.4,440,60.0,198.0,0.9957799999999999,8.21,0.47,9.4,0,melted,12.8,7,1.17,3,0,0,1,0,0,0,7
223,0.27,17.5,450,48.0,253.0,1.00014,8.02,0.56,9.1,0,melted,16.6,7,1.57,3,0,0,1,0,0,0,7
224,0.35,5.6,340,9.0,148.0,0.99441,8.17,0.5,9.8,0,melted,12.8,7,1.91,3,1,0,0,0,0,0,7
225,0.34,2.6,510,40.5,210.0,0.9931399999999999,8.15,0.61,10.0,0,melted,13.2,7,1.36,3,1,0,0,0,0,0,7
226,0.26,8.2,420,21.0,133.0,0.9961200000000001,8.43,0.64,9.8,0,melted,13.0,7,1.31,3,0,0,1,0,0,0,7
227,0.15,10.0,370,38.0,157.0,0.9964200000000001,8.28,0.52,9.4,0,melted,13.2,7,1.76,3,1,1,0,0,0,0,7
228,0.36,7.4,370,36.0,156.0,0.99592,8.19,0.54,10.6,0,melted,16.2,7,1.56,3,1,0,0,0,0,0,8
229,0.23,10.3,320,12.0,97.0,0.99571,8.13,0.4,10.7,0,melted,17.6,7,1.19,3,0,0,1,0,0,0,7
230,0.21,15.55,430,20.0,142.0,0.9965799999999999,8.11,0.54,10.1,0,melted,12.0,7,1.48,3,0,0,1,0,0,0,8
231,0.24,5.3,750,49.0,201.0,0.99466,8.21,0.43,9.5,0,melted,12.0,7,1.83,3,0,0,1,0,0,0,8
232,0.23,12.7,540,20.0,139.0,0.99836,8.16,0.5,9.7,0,melted,15.2,7,1.27,3,1,0,0,0,0,0,6
233,0.36,18.1,460,32.0,133.0,1.0,8.27,0.48,8.8,0,melted,13.6,7,1.42,3,0,0,1,0,0,0,7
234,0.4,6.4,390,39.0,191.0,0.99513,8.14,0.52,9.8,0,melted,12.8,7,1.69,3,1,0,0,0,0,0,7
235,0.31,5.2,320,36.0,140.0,0.99166,8.35,0.47,12.3,0,melted,14.2,7,1.4,3,1,0,0,0,0,0,8
236,0.3,4.7,290,34.0,148.0,0.99165,8.36,0.49,12.3,0,melted,13.8,7,1.07,3,1,0,0,0,0,0,10
237,0.29,11.3,340,61.0,224.0,0.9968299999999999,8.14,0.56,9.5,0,melted,14.6,7,1.69,3,1,1,0,0,0,0,8
238,0.33,1.4,290,35.0,138.0,0.9911399999999999,8.36,0.6,11.5,0,melted,13.0,7,1.85,3,0,0,1,1,0,0,9
239,0.3,1.7,430,19.0,95.0,0.9920700000000001,8.17,0.46,10.7,0,melted,13.6,7,1.71,3,0,0,1,0,0,0,10
240,0.14,8.6,320,30.0,142.0,0.9954200000000001,8.28,0.44,9.5,0,melted,11.8,7,1.15,3,0,0,1,0,0,0,8
241,0.34,12.1,300,34.0,177.0,0.9970600000000001,8.13,0.47,10.6,0,melted,18.0,7,2.0,3,0,0,1,0,0,0,7
242,0.25,17.3,460,15.0,110.0,0.99828,8.15,0.42,9.2,0,melted,13.0,7,1.41,3,0,0,1,0,0,0,8
243,0.14,4.8,520,27.0,128.0,0.99475,8.21,0.48,9.4,0,melted,12.4,7,1.87,3,1,0,0,0,0,0,7
244,0.64,12.9,330,54.0,170.0,0.998,8.0,0.53,8.8,0,melted,15.2,7,1.99,3,0,0,1,0,0,0,8
245,0.16,14.9,480,59.0,240.0,0.99902,8.13,0.45,8.9,0,melted,14.6,7,1.63,3,1,0,0,0,0,0,8
246,0.36,7.0,430,60.0,207.0,0.99556,8.16,0.49,9.6,0,melted,13.6,7,1.8,3,0,0,1,0,0,0,7
247,0.24,8.6,340,25.0,135.0,0.99582,8.33,0.59,10.3,0,melted,13.2,7,1.24,3,0,0,1,0,0,0,8
248,0.42,10.4,380,85.0,182.0,0.9962799999999999,8.04,0.44,8.9,0,melted,13.4,7,1.35,3,0,0,1,1,0,0,8
249,0.4,10.0,390,74.0,227.0,0.99582,8.18,0.5,9.4,0,melted,13.0,7,1.86,3,0,0,1,0,0,0,7
250,0.26,18.95,530,36.0,174.0,0.99976,8.2,0.5,10.4,0,melted,15.4,7,1.49,3,1,0,0,0,0,0,11
251,0.3,12.8,620,19.0,171.0,0.99808,8.0,0.52,9.0,0,melted,13.6,7,1.55,3,0,0,1,1,0,0,9
252,0.1,1.4,680,25.0,154.0,0.9949899999999999,8.2,0.48,9.7,0,melted,14.4,7,1.46,3,0,1,1,1,0,0,7
253,0.32,8.2,240,53.0,209.0,0.9956299999999999,8.12,0.46,10.8,0,melted,15.0,7,1.52,3,0,0,1,0,0,0,8
254,0.46,11.1,530,44.0,177.0,0.9969100000000001,8.18,0.67,9.4,0,melted,12.6,7,1.88,3,0,0,1,0,0,0,8
255,0.41,14.2,390,47.0,129.0,0.9967799999999999,8.28,0.72,10.3,0,melted,13.0,7,1.74,3,0,0,1,1,0,0,9
256,0.28,20.4,410,40.0,144.0,1.0002,8.14,0.38,8.7,0,melted,13.0,7,1.04,3,0,0,1,0,0,0,7
257,0.52,10.1,500,29.0,140.0,0.9962799999999999,8.07,0.4,9.4,0,melted,13.2,7,1.41,3,1,0,0,0,0,0,7
258,0.0,1.3,440,72.0,197.0,0.9920200000000001,8.56,0.43,10.9,0,melted,11.6,7,1.89,3,0,1,1,1,0,0,8
259,0.36,1.2,460,9.0,71.0,0.9919899999999999,8.7,0.68,10.9,0,melted,11.4,7,1.45,3,0,0,1,1,0,0,8
260,0.31,2.3,180,45.0,80.0,0.98936,8.06,0.34,12.9,0,melted,14.6,7,1.56,3,0,0,1,0,0,0,9
261,0.22,5.95,810,76.0,303.0,0.99705,8.4,0.57,9.4,0,melted,13.8,7,1.17,3,0,1,1,0,0,0,8
262,0.34,6.6,670,35.0,156.0,0.9954200000000001,8.11,0.48,9.3,0,melted,13.4,7,1.07,3,1,0,0,0,0,0,8
263,0.34,6.6,300,36.0,91.0,0.9914,8.32,0.45,12.5,0,melted,12.4,7,1.71,3,0,0,1,0,0,0,8
264,0.25,1.6,360,28.0,143.0,0.99256,8.3,0.54,10.3,0,melted,13.4,7,1.3,3,0,0,1,0,0,0,9
265,0.32,1.2,240,20.0,166.0,0.99208,8.05,0.54,9.8,0,melted,13.8,7,1.12,3,1,0,0,0,0,0,8
266,0.36,16.3,380,43.0,133.0,0.99924,8.26,0.41,8.8,0,melted,13.0,7,1.36,3,0,0,1,0,0,0,7
267,0.34,13.7,440,66.0,184.0,0.99976,8.22,0.75,8.9,0,melted,15.6,7,1.86,3,0,0,1,0,0,0,7
268,0.29,1.1,280,18.0,69.0,0.9916799999999999,8.24,0.54,10.0,0,melted,10.4,7,1.71,3,0,0,1,0,0,0,8
269,0.31,6.5,290,53.0,160.0,0.9927600000000001,8.03,0.38,10.9,0,melted,15.0,7,1.16,3,0,0,1,1,0,0,8
270,0.27,5.2,300,32.0,101.0,0.99172,8.22,0.62,12.3,0,melted,15.2,7,1.34,3,0,1,1,0,0,0,10
271,0.32,16.4,450,62.0,153.0,0.9972,8.22,0.42,10.5,0,melted,13.8,7,1.26,3,0,0,1,0,0,0,7
272,0.28,12.4,510,86.0,213.0,0.9962,8.16,0.51,9.9,0,melted,13.0,7,1.99,3,1,0,0,0,0,0,7
273,0.34,2.6,490,13.0,135.0,0.99335,8.09,0.51,10.0,0,melted,15.8,7,1.35,3,1,1,0,0,0,0,7
274,0.28,4.8,340,25.0,100.0,0.99026,8.08,0.47,12.4,0,melted,13.6,7,1.85,3,1,0,0,0,0,0,7
275,0.19,12.3,480,54.0,145.0,0.9966799999999999,8.16,0.42,9.3,0,melted,12.6,7,1.29,3,0,0,1,0,0,0,7
276,0.33,11.8,570,48.0,127.0,0.9969299999999999,8.1,0.55,10.0,0,melted,14.6,7,1.89,3,0,0,1,0,0,0,8
277,0.34,1.8,450,96.0,170.0,0.99035,8.38,0.9,11.8,0,melted,11.6,7,1.08,3,0,0,1,1,0,0,9
278,0.36,1.4,360,38.0,108.0,0.99006,8.19,0.66,12.0,0,melted,13.6,7,1.15,3,0,0,1,1,0,0,8
279,0.3,6.6,250,15.0,138.0,0.99126,8.18,0.46,12.6,0,melted,14.2,7,1.0,3,0,1,1,0,0,0,9
280,0.34,11.8,590,42.0,240.0,0.99882,8.17,0.52,10.0,0,melted,17.2,7,1.5,3,1,0,0,0,0,0,7
281,0.35,5.8,550,25.0,144.0,0.9957600000000001,8.24,0.54,10.2,0,melted,15.4,7,1.44,3,0,0,1,1,0,0,8
282,0.15,1.3,600,51.0,154.0,0.99354,8.14,0.51,8.7,0,melted,12.0,7,1.38,3,0,0,1,0,0,0,10
283,0.34,1.2,480,4.0,119.0,0.9908399999999999,8.18,0.34,12.1,0,melted,15.4,7,1.3,3,1,0,0,0,0,0,8
284,0.29,10.8,280,17.0,118.0,0.99356,8.18,0.37,11.2,0,melted,12.8,7,1.64,3,0,0,1,0,0,0,9
285,0.36,1.9,430,24.0,111.0,0.9923700000000001,8.29,0.54,11.3,0,melted,15.2,7,1.65,3,0,0,1,0,0,0,8
286,0.6,65.8,740,8.0,160.0,1.03898,8.39,0.69,11.7,0,melted,15.6,7,1.2,3,1,0,0,1,0,0,6
287,0.25,20.2,830,35.0,157.0,0.99976,8.17,0.5,9.1,0,melted,12.8,7,1.09,3,0,0,1,0,0,0,6
288,0.3,2.2,330,39.0,107.0,0.9889399999999999,8.22,0.53,13.5,0,melted,13.0,7,1.51,3,1,0,0,0,0,0,9
289,0.53,10.1,530,37.0,151.0,0.9963,8.07,0.4,9.4,0,melted,13.6,7,1.21,3,1,0,0,0,0,0,7
290,0.32,14.0,310,16.0,99.0,0.9943700000000001,8.26,0.38,11.5,0,melted,11.0,7,1.27,3,0,0,1,1,0,0,7
291,0.26,1.6,400,36.0,123.0,0.9923799999999999,8.34,0.44,10.8,0,melted,14.6,7,1.36,3,0,0,1,0,0,0,8
292,0.71,11.8,380,52.0,148.0,0.9980100000000001,8.03,0.46,8.9,0,melted,15.0,7,1.28,3,0,0,1,1,0,0,8
293,0.72,9.6,390,53.0,151.0,0.99802,8.03,0.46,8.9,0,melted,15.0,7,1.96,3,0,0,1,1,0,0,8
294,0.48,6.1,420,60.0,184.0,0.99566,8.2,0.5,9.4,0,melted,14.0,7,1.23,3,0,0,1,0,0,0,8
295,0.31,2.7,490,25.0,153.0,0.99067,8.44,0.73,12.2,0,melted,11.6,7,1.08,3,1,0,0,0,0,0,9
296,0.31,3.6,250,22.0,100.0,0.99066,7.99,0.47,12.1,0,melted,15.6,7,1.12,3,0,0,1,0,0,0,9
297,0.47,10.6,520,69.0,148.0,0.9958,7.91,0.34,9.3,0,melted,12.0,7,1.38,3,0,0,1,1,0,0,7
298,0.46,6.2,560,42.0,241.0,0.9968,8.5,0.6,9.9,0,melted,13.2,7,1.86,3,0,1,1,0,0,0,8
299,0.34,11.6,500,59.0,140.0,0.99526,8.22,0.4,10.8,0,melted,13.2,7,1.3,3,0,0,1,0,0,0,8
300,0.28,3.4,480,22.0,112.0,0.9918799999999999,8.21,0.37,11.3,0,melted,14.4,7,1.52,3,0,1,1,0,0,0,8
301,0.29,0.9,340,34.0,89.0,0.98936,8.14,0.36,11.1,0,melted,11.6,7,1.91,3,0,0,1,0,0,0,9
302,0.38,1.3,460,24.0,90.0,0.9923200000000001,8.2,0.47,10.0,0,melted,11.8,7,1.1,3,0,0,1,0,0,0,8
303,0.37,10.0,1690,22.0,210.0,0.9977600000000001,8.02,0.64,9.5,0,melted,15.4,7,1.16,3,0,1,1,0,0,0,7
304,0.39,1.0,410,37.0,154.0,0.99093,8.08,0.43,11.9,0,melted,15.8,7,1.04,3,0,0,1,0,0,0,8
305,0.26,5.0,270,46.0,143.0,0.9924,8.25,0.43,11.2,0,melted,13.8,7,1.9,3,1,0,0,0,0,0,9
306,0.58,1.25,340,29.0,129.0,0.9898399999999999,8.51,0.6,12.0,0,melted,11.2,7,1.03,3,0,0,1,1,0,0,9
307,0.32,1.6,280,12.0,90.0,0.99008,8.57,0.52,12.2,0,melted,10.2,7,1.93,3,0,0,1,1,0,0,9
308,0.39,1.0,280,40.0,101.0,0.99156,8.57,0.59,10.6,0,melted,10.6,7,1.47,3,0,0,1,1,0,0,8
309,0.38,1.7,370,20.0,84.0,0.99046,8.09,0.53,11.4,0,melted,13.4,7,1.97,3,0,0,1,1,0,0,8
310,0.32,1.6,450,38.0,95.0,0.98946,8.23,0.94,12.4,0,melted,11.6,7,1.22,3,0,0,1,0,0,0,9
311,0.3,1.1,290,24.0,88.0,0.9888299999999999,8.18,0.39,11.7,0,melted,11.4,7,1.87,3,1,0,0,0,0,0,9
312,0.36,11.1,320,21.0,132.0,0.99313,7.95,0.39,13.0,0,melted,16.8,7,1.11,3,1,0,0,0,0,0,9
313,0.3,4.7,410,40.0,148.0,0.9932,8.16,0.35,10.2,0,melted,13.8,7,1.9,3,0,0,1,0,0,0,7
314,0.36,1.4,440,22.0,68.0,0.9901399999999999,8.15,0.5,11.7,0,melted,12.8,7,1.79,3,0,0,1,1,0,0,8
315,0.46,9.7,540,67.0,234.0,0.9984799999999999,8.23,0.5,9.0,0,melted,13.4,7,1.54,3,0,1,1,0,0,0,7
316,0.28,0.8,320,25.0,78.0,0.9910399999999999,7.99,0.38,11.1,0,melted,17.2,7,1.2,3,0,0,1,1,0,0,8
317,0.26,1.7,730,40.0,157.0,0.9938,8.1,0.46,9.8,0,melted,15.2,7,1.41,3,1,0,0,0,0,0,8
318,0.25,1.1,350,26.0,81.0,0.9902,8.31,0.52,11.4,0,melted,11.4,7,1.84,3,0,0,1,0,0,0,8
319,0.32,2.2,280,36.0,92.0,0.9907600000000001,8.27,0.59,11.9,0,melted,13.0,7,1.03,3,0,0,1,0,0,0,9
320,0.3,1.2,460,49.0,199.0,0.99413,8.03,0.38,9.3,0,melted,15.4,7,1.88,3,0,0,1,1,0,0,8
321,0.38,1.0,410,22.0,81.0,0.9904299999999999,8.03,0.54,11.4,0,melted,13.8,7,1.37,3,0,0,1,1,0,0,8
322,0.38,1.0,410,22.0,81.0,0.9904299999999999,8.03,0.54,11.4,0,melted,13.8,7,1.12,3,0,0,1,1,0,0,8
323,0.28,2.2,190,15.0,65.0,0.9902,8.06,0.52,11.2,0,melted,11.4,7,1.51,3,0,0,1,0,0,0,8
324,0.4,11.9,320,13.0,92.0,0.99629,8.01,0.46,10.8,0,melted,14.8,7,1.31,3,0,0,1,0,0,0,7
325,0.3,7.8,380,67.0,196.0,0.99555,8.1,0.5,10.1,0,melted,15.4,7,1.17,3,0,0,1,0,0,0,7
326,0.4,1.3,410,81.0,147.0,0.9901,8.22,0.95,11.6,0,melted,11.2,7,1.86,3,0,0,1,0,0,0,6
327,0.29,10.3,390,41.0,98.0,0.99564,8.19,0.38,9.8,0,melted,14.0,7,1.22,3,0,0,1,1,0,0,10
328,0.3,8.7,220,14.0,111.0,0.9957600000000001,8.11,0.61,10.6,0,melted,14.4,7,1.48,3,1,0,0,0,0,0,7
329,0.34,14.05,400,41.0,114.0,0.99634,8.07,0.59,11.0,0,melted,15.4,7,1.35,3,0,0,1,1,0,0,5
330,0.38,13.1,1120,14.0,94.0,0.99792,8.02,0.48,9.2,0,melted,13.8,7,1.8,3,1,0,0,0,0,0,8
331,0.39,9.6,260,34.0,124.0,0.9928600000000001,8.18,0.35,12.1,0,melted,13.6,7,1.17,3,1,0,0,0,0,0,9
332,0.28,11.1,330,30.0,97.0,0.9950700000000001,8.03,0.39,10.5,0,melted,17.0,7,1.68,3,0,0,1,0,0,0,6
333,0.3,10.55,370,4.0,28.0,0.9918399999999999,8.07,0.32,12.7,0,melted,13.8,7,1.26,3,1,0,0,0,0,0,5
334,0.36,0.8,340,32.0,111.0,0.9894200000000001,8.11,0.5,12.1,0,melted,13.0,7,1.87,3,1,0,0,0,0,0,8
335,0.27,10.9,380,29.0,130.0,0.9949600000000001,8.11,0.44,10.5,0,melted,13.2,7,1.81,3,0,0,1,0,0,0,9
336,0.36,1.2,340,26.0,111.0,0.99074,8.16,0.51,11.0,0,melted,12.6,7,1.28,3,0,0,1,1,0,0,8
337,0.32,1.1,360,74.0,184.0,0.9909600000000001,8.22,0.41,11.0,0,melted,12.4,7,1.71,3,0,0,1,1,0,0,8
338,0.32,4.5,320,58.0,178.0,0.98956,8.45,0.31,12.6,0,melted,10.0,7,1.47,3,0,0,1,0,0,0,9
339,0.3,8.25,200,14.0,104.0,0.9936200000000001,7.99,0.44,11.4,0,melted,14.4,7,1.57,3,1,0,0,0,0,0,8
340,0.35,11.7,290,3.0,46.0,0.99439,8.02,0.34,11.8,0,melted,16.8,7,1.27,3,1,0,0,0,0,0,8
341,0.29,4.6,460,6.0,88.0,0.9945799999999999,8.34,0.48,10.6,0,melted,13.6,7,1.78,3,0,0,1,0,0,0,7
342,0.22,11.7,350,44.0,150.0,0.9957799999999999,8.1,0.45,10.4,0,melted,14.8,7,1.97,3,1,0,0,0,0,0,8
343,0.29,14.8,240,22.0,142.0,0.99518,8.12,0.48,12.0,0,melted,14.2,7,1.66,3,0,1,1,0,0,0,9
344,0.29,14.8,240,22.0,142.0,0.99518,8.12,0.48,12.0,0,melted,14.2,7,1.76,3,0,1,1,0,0,0,9
345,0.34,3.5,540,26.0,189.0,0.9948899999999999,8.42,0.58,10.4,0,melted,13.6,7,1.03,3,0,0,1,0,0,0,8
346,0.45,2.1,270,43.0,104.0,0.99054,8.02,0.52,11.3,0,melted,13.0,7,1.97,3,0,0,1,0,0,0,8
347,0.29,12.2,440,59.0,196.0,0.99782,8.14,0.4,8.8,0,melted,12.6,7,1.1,3,0,0,1,0,0,0,7
348,0.41,16.8,370,58.0,173.0,0.99882,8.25,0.57,9.4,0,melted,12.4,7,1.84,3,1,0,0,0,0,0,8
349,1.0,1.1,1540,46.0,114.0,0.9931,7.95,0.43,9.2,0,melted,14.4,7,1.62,3,0,0,1,0,0,0,7
350,0.66,10.2,430,78.0,175.0,0.9945,7.98,0.43,10.4,0,melted,11.2,7,1.58,3,0,0,1,0,0,0,8
351,0.54,7.0,460,58.0,176.0,0.99454,8.19,0.7,10.4,0,melted,12.4,7,1.35,3,0,0,1,0,0,0,7
352,0.43,6.1,290,6.0,76.0,0.99118,8.08,0.5,12.5,0,melted,14.0,7,1.29,3,1,1,0,0,0,0,9
353,0.4,1.5,420,23.0,87.0,0.98972,8.11,0.46,12.2,0,melted,12.8,7,1.55,3,0,0,1,1,0,0,9
354,0.34,4.9,320,9.0,125.0,0.9925299999999999,8.32,0.81,12.0,0,melted,13.2,7,1.5,3,1,0,0,0,0,0,9
355,0.54,7.0,460,58.0,176.0,0.99454,8.19,0.7,10.4,0,melted,12.4,7,1.96,3,0,0,1,0,0,0,7
356,0.4,9.9,360,24.0,88.0,0.9951,8.02,0.42,10.5,0,melted,17.0,7,1.98,3,0,0,1,0,0,0,8
357,0.34,9.5,410,38.0,201.0,0.995,8.14,0.44,10.1,0,melted,12.2,7,1.51,3,0,0,1,0,0,0,7
358,0.37,1.5,240,12.0,76.0,0.9887600000000001,7.94,0.39,12.3,0,melted,12.6,7,1.24,3,1,0,0,0,0,0,8
359,0.35,2.6,300,33.0,78.0,0.99146,8.22,0.72,11.3,0,melted,13.2,7,1.45,3,0,0,1,1,0,0,8
360,0.52,3.2,430,28.0,152.0,0.99129,8.02,0.53,11.4,0,melted,15.2,7,1.16,3,0,0,1,0,0,0,8
361,0.45,2.3,450,40.0,118.0,0.99064,8.16,0.48,11.9,0,melted,14.0,7,1.6,3,0,0,1,0,0,0,10
362,0.49,4.9,320,3.0,18.0,0.9936799999999999,7.85,0.54,10.0,0,melted,19.4,7,1.64,3,0,0,1,0,0,0,8
363,0.34,10.9,380,25.0,84.0,0.9943200000000001,8.11,0.34,10.9,0,melted,14.0,7,1.99,3,0,0,1,0,0,0,9
364,0.45,2.3,450,40.0,118.0,0.99064,8.16,0.48,11.9,0,melted,14.0,7,1.83,3,0,0,1,0,0,0,10
365,0.49,2.5,470,20.0,130.0,0.9917799999999999,8.15,0.48,11.1,0,melted,15.2,7,1.52,3,0,0,1,0,0,0,7
366,0.36,4.5,540,31.0,203.0,0.99513,8.4,0.57,10.4,0,melted,13.8,7,1.12,3,1,0,0,0,0,0,8
367,0.34,1.6,430,24.0,129.0,0.99305,8.12,0.7,10.4,0,melted,15.2,7,2.0,3,0,0,1,0,0,0,7
368,0.22,5.5,370,10.0,86.0,0.99156,8.46,0.44,12.2,0,melted,11.0,7,1.61,3,0,0,1,1,0,0,8
369,0.38,2.1,430,10.0,98.0,0.9929600000000001,8.17,0.65,11.0,0,melted,15.2,7,1.05,3,1,0,0,0,0,0,6
370,0.38,1.5,390,37.0,122.0,0.98972,8.2,0.43,12.0,0,melted,12.2,7,1.57,3,0,0,1,0,0,0,9
371,0.38,2.5,470,30.0,148.0,0.98964,8.17,0.43,12.7,0,melted,13.0,7,1.06,3,1,0,0,0,0,0,8
372,0.27,0.9,400,52.0,103.0,0.99026,8.5,0.39,11.2,0,melted,11.2,7,1.01,3,0,0,1,1,0,0,7
373,0.43,6.4,420,34.0,115.0,0.99293,8.05,0.51,10.8,0,melted,13.8,7,1.5,3,0,0,1,0,0,0,9
374,0.39,11.9,570,51.0,221.0,0.99851,8.26,0.51,8.9,0,melted,13.2,7,1.48,3,1,0,0,0,0,0,8
375,0.47,7.5,270,12.0,88.0,0.9907,8.38,0.45,14.0,0,melted,11.6,7,1.84,3,1,0,0,0,0,0,9
376,0.36,17.2,390,37.0,130.0,0.99946,8.23,0.43,8.8,0,melted,12.4,7,1.99,3,0,0,1,0,0,0,8
377,0.34,7.4,200,38.0,133.0,0.9921200000000001,8.18,0.44,12.0,0,melted,13.6,7,1.41,3,1,0,0,0,0,0,9
378,0.37,4.8,190,39.0,114.0,0.99036,8.08,0.49,12.7,0,melted,14.2,7,1.07,3,1,0,0,0,0,0,9
379,0.35,8.6,380,37.0,125.0,0.9916,8.0,0.32,12.4,0,melted,13.8,7,1.69,3,1,0,0,0,0,0,10
380,0.41,1.0,400,17.0,76.0,0.98988,8.14,0.56,11.4,0,melted,12.4,7,1.24,3,0,0,1,1,0,0,8
381,0.36,6.4,550,42.0,123.0,0.99318,8.11,0.5,11.0,0,melted,14.0,7,1.93,3,0,0,1,1,0,0,9
382,0.33,1.0,380,23.0,131.0,0.99164,8.25,0.45,9.8,0,melted,11.0,7,1.35,3,0,0,1,1,0,0,7
383,0.24,1.6,450,39.0,164.0,0.9940200000000001,8.53,0.58,10.8,0,melted,13.6,7,1.78,3,0,0,1,0,0,0,8
384,0.2,1.7,330,17.0,74.0,0.9900200000000001,8.34,0.48,12.3,0,melted,10.4,7,1.65,3,1,0,0,0,0,0,9
385,0.28,3.7,450,57.0,151.0,0.9913,8.22,0.27,11.2,0,melted,11.4,7,1.24,3,0,0,1,1,0,0,8
386,0.3,2.5,460,38.0,125.0,0.9927600000000001,8.34,0.5,9.9,0,melted,11.4,7,1.21,3,0,0,1,0,0,0,7
387,0.39,6.0,350,44.0,141.0,0.9912299999999999,8.11,0.33,12.5,0,melted,13.8,7,1.7,3,0,0,1,0,0,0,10
388,0.24,3.3,340,29.0,99.0,0.99031,8.1,0.4,12.3,0,melted,13.2,7,1.71,3,1,0,0,0,0,0,9
389,0.29,2.5,590,37.0,115.0,0.9932799999999999,8.09,0.37,9.8,0,melted,15.2,7,1.8,3,0,0,1,0,0,0,7
390,0.37,4.5,390,41.0,147.0,0.9921,8.18,0.4,11.1,0,melted,12.8,7,1.06,3,0,0,1,0,0,0,8
391,0.31,14.5,450,39.0,193.0,0.9986,8.1,0.5,9.2,0,melted,14.8,7,1.99,3,0,0,1,1,0,0,8
392,0.31,14.5,450,39.0,193.0,0.9986,8.1,0.5,9.2,0,melted,14.8,7,1.22,3,0,0,1,1,0,0,8
393,0.31,3.6,300,36.0,92.0,0.99026,8.22,0.62,12.6,0,melted,13.0,7,1.74,3,0,0,1,0,0,0,10
394,0.32,10.5,300,34.0,105.0,0.9940700000000001,8.11,0.42,11.8,0,melted,16.2,7,1.78,3,0,0,1,0,0,0,7
395,0.31,1.4,390,40.0,129.0,0.99193,8.45,0.59,10.9,0,melted,12.2,7,1.12,3,0,0,1,0,0,0,9
396,0.02,0.9,430,32.0,99.0,0.99226,8.14,0.47,9.8,0,melted,13.0,7,1.61,3,0,1,1,0,0,0,9
397,0.36,9.2,610,42.0,214.0,0.9976,8.31,0.56,9.4,0,melted,13.2,7,1.07,3,1,0,0,0,0,0,7
398,0.29,1.8,440,21.0,115.0,0.99166,8.1,0.38,10.2,0,melted,12.8,7,1.01,3,0,0,1,1,0,0,7
399,0.3,2.3,510,20.0,127.0,0.98964,8.13,0.52,12.8,0,melted,13.0,7,1.93,3,1,0,0,0,0,0,8
400,0.25,6.4,350,38.0,103.0,0.9914799999999999,7.91,0.23,12.2,0,melted,16.0,7,1.78,3,1,0,0,0,0,0,8
401,0.37,1.0,430,10.0,80.0,0.9912799999999999,8.08,0.38,11.4,0,melted,15.6,7,1.59,3,0,0,1,0,0,0,7
402,0.35,2.3,390,43.0,109.0,0.99056,8.34,0.44,11.8,0,melted,12.6,7,1.5,3,0,0,1,0,0,0,10
403,0.32,8.7,290,31.0,105.0,0.99146,8.0,0.34,12.3,0,melted,13.6,7,1.93,3,1,0,0,0,0,0,8
404,0.3,1.9,330,41.0,142.0,0.9891200000000001,8.29,0.42,12.8,0,melted,12.0,7,1.71,3,1,0,0,0,0,0,9
405,0.37,1.1,360,31.0,96.0,0.9894200000000001,8.16,0.48,12.0,0,melted,11.6,7,1.3,3,0,0,1,1,0,0,8
406,0.28,13.55,480,51.0,189.0,0.99782,8.0,0.6,9.5,0,melted,13.8,7,1.09,3,1,0,0,0,0,0,8
407,0.28,15.2,460,6.0,41.0,0.99665,8.17,0.39,10.9,0,melted,14.4,7,1.72,3,0,0,1,0,0,0,8
408,0.28,1.1,340,47.0,90.0,0.98862,8.22,0.38,12.6,0,melted,12.0,7,1.01,3,0,0,1,0,0,0,8
409,0.49,1.3,330,12.0,72.0,0.99072,8.05,0.53,11.3,0,melted,14.2,7,1.1,3,0,0,1,1,0,0,8
410,0.28,10.6,390,32.0,117.0,0.99355,8.05,0.55,11.5,0,melted,14.0,7,1.95,3,0,0,1,0,0,0,7
411,0.32,4.9,460,50.0,156.0,0.99316,8.38,0.55,11.2,0,melted,12.8,7,1.97,3,0,0,1,0,0,0,8
412,0.32,7.8,520,52.0,183.0,0.9965700000000001,8.39,0.65,9.5,0,melted,12.2,7,1.52,3,1,0,0,0,0,0,8
413,0.33,7.4,370,25.0,95.0,0.9926799999999999,8.25,0.49,11.1,0,melted,11.2,7,1.99,3,1,0,0,0,0,0,8
414,0.32,7.8,520,52.0,183.0,0.9965700000000001,8.39,0.65,9.5,0,melted,12.2,7,1.97,3,1,0,0,0,0,0,8
415,0.4,11.6,320,34.0,214.0,0.9963,8.1,0.51,9.8,0,melted,14.4,7,1.9,3,1,0,0,0,0,0,8
416,0.3,2.1,310,50.0,163.0,0.9895,8.39,0.43,12.7,0,melted,12.2,7,1.28,3,1,0,0,0,0,0,9
417,0.49,20.15,600,30.0,145.0,1.00196,8.01,0.44,8.5,0,melted,15.2,7,1.78,3,0,0,1,0,0,0,7
418,0.26,10.05,390,63.0,162.0,0.99375,8.33,0.5,11.2,0,melted,11.6,7,1.42,3,0,0,1,0,0,0,8
419,0.27,1.3,370,30.0,86.0,0.98834,8.05,0.59,12.9,0,melted,12.4,7,1.18,3,0,0,1,0,0,0,8
420,0.28,1.1,340,26.0,83.0,0.9892799999999999,8.25,0.33,12.3,0,melted,13.0,7,1.63,3,0,0,1,0,0,0,8
421,0.27,5.0,350,14.0,97.0,0.9905799999999999,8.1,0.33,11.8,0,melted,11.8,7,1.15,3,0,0,1,0,0,0,8
422,0.32,6.0,330,59.0,128.0,0.99192,8.19,0.71,12.1,0,melted,13.2,7,1.25,3,0,0,1,1,0,0,10
423,0.3,6.9,380,23.0,89.0,0.99266,8.25,0.49,11.1,0,melted,11.2,7,1.32,3,1,0,0,0,0,0,8
424,0.34,1.9,400,41.0,108.0,0.99,8.25,0.45,12.9,0,melted,13.6,7,1.43,3,0,0,1,1,0,0,8
425,0.27,10.3,470,54.0,219.0,0.9974200000000001,8.04,0.45,8.8,0,melted,13.2,7,1.77,3,0,0,1,0,0,0,7
426,0.36,1.1,310,27.0,93.0,0.9888399999999999,8.23,0.34,13.2,0,melted,13.2,7,1.68,3,0,0,1,1,0,0,9
427,0.28,12.0,560,68.0,143.0,0.9983,7.99,0.3,9.2,0,melted,15.2,7,1.74,3,0,0,1,0,0,0,8
428,0.19,1.1,640,36.0,191.0,0.99297,8.05,0.5,9.5,0,melted,13.0,7,1.36,3,0,0,1,0,0,0,8
429,0.24,1.8,370,39.0,150.0,0.9913,8.05,0.44,11.8,0,melted,15.2,7,1.37,3,1,0,0,0,0,0,9
430,0.28,4.7,390,34.0,94.0,0.98964,8.22,0.57,13.1,0,melted,11.8,7,1.45,3,1,0,0,0,0,0,9
431,0.31,7.4,410,7.0,81.0,0.99254,8.04,0.47,11.4,0,melted,13.4,7,1.09,3,0,0,1,0,0,0,7
432,0.44,1.0,570,24.0,111.0,0.9915799999999999,8.09,0.32,11.2,0,melted,16.0,7,1.21,3,0,0,1,0,0,0,8
433,0.36,8.4,420,42.0,123.0,0.9947299999999999,8.34,0.52,10.9,0,melted,13.4,7,1.37,3,0,0,1,0,0,0,8
434,0.3,3.0,360,30.0,124.0,0.9892200000000001,8.31,0.4,13.1,0,melted,12.2,7,1.1,3,1,0,0,0,0,0,8
435,0.45,14.3,540,30.0,181.0,0.99869,8.14,0.57,9.1,0,melted,13.4,7,1.79,3,0,0,1,0,0,0,7
436,0.34,1.4,290,29.0,133.0,0.99108,8.33,0.64,11.5,0,melted,13.0,7,1.9,3,0,0,1,1,0,0,7
437,0.28,4.9,420,21.0,155.0,0.99385,8.36,0.57,10.9,0,melted,15.0,7,1.59,3,1,0,0,0,0,0,7
438,0.28,2.4,360,35.0,115.0,0.98936,8.19,0.44,13.5,0,melted,14.2,7,1.17,3,1,0,0,0,0,0,8
439,0.25,10.7,460,66.0,179.0,0.9960600000000001,8.17,0.55,9.9,0,melted,12.8,7,1.84,3,0,0,1,0,0,0,8
440,0.24,11.0,410,75.0,167.0,0.99508,7.98,0.56,10.5,0,melted,14.0,7,1.62,3,0,0,1,0,0,0,9
441,0.62,7.5,380,46.0,132.0,0.9914299999999999,8.23,0.43,13.4,0,melted,13.8,7,1.54,3,1,0,0,0,0,0,8
442,0.27,6.3,280,40.0,132.0,0.9918600000000001,8.37,0.4,11.6,0,melted,10.6,7,1.61,3,1,0,0,0,0,0,9
443,0.27,6.3,280,40.0,132.0,0.9918600000000001,8.37,0.4,11.6,0,melted,10.6,7,1.89,3,1,0,0,0,0,0,9
444,0.29,8.6,530,65.0,146.0,0.9963,8.11,0.32,9.8,0,melted,15.2,7,1.61,3,0,0,1,0,0,0,7
445,0.27,3.1,340,28.0,134.0,0.9897,8.26,0.38,13.1,0,melted,14.2,7,1.03,3,1,0,0,0,0,0,9
446,0.46,6.4,360,17.0,85.0,0.99279,8.1,0.78,11.7,0,melted,14.4,7,1.15,3,0,0,1,0,0,0,8
447,0.35,7.2,460,45.0,178.0,0.9955,8.14,0.53,9.7,0,melted,14.4,7,1.47,3,1,0,0,0,0,0,7
448,0.31,1.2,310,27.0,80.0,0.98892,8.03,0.33,12.7,0,melted,14.4,7,1.28,3,0,0,1,0,0,0,9
449,0.25,3.4,240,27.0,99.0,0.98959,7.98,0.37,13.0,0,melted,15.6,7,1.71,3,0,0,1,0,0,0,9
450,0.2,1.8,310,49.0,159.0,0.9919,8.41,0.53,11.0,0,melted,12.0,7,1.47,3,1,0,0,0,0,0,8
451,0.29,19.9,390,69.0,237.0,1.00037,8.1,0.48,9.2,0,melted,14.6,7,1.28,3,0,0,1,0,0,0,9
452,0.22,16.65,440,39.0,110.0,0.99855,8.24,0.48,9.0,0,melted,11.4,7,1.79,3,0,0,1,0,0,0,8
453,0.28,0.9,230,49.0,87.0,0.9906200000000001,7.92,0.36,11.1,0,melted,16.2,7,1.44,3,0,0,1,0,0,0,8
454,0.28,4.2,290,7.0,112.0,0.9906,8.0,0.41,12.6,0,melted,15.2,7,1.25,3,1,0,0,0,0,0,8
455,0.27,9.7,360,15.0,85.0,0.99406,7.99,0.36,11.2,0,melted,16.0,7,1.32,3,0,0,1,0,0,0,8
456,0.28,4.2,290,7.0,112.0,0.9906,8.0,0.41,12.6,0,melted,15.2,7,1.34,3,1,0,0,0,0,0,8
457,0.36,14.6,480,35.0,161.0,0.9968,8.14,0.56,10.6,0,melted,14.8,7,1.59,3,0,0,1,0,0,0,8
458,0.71,17.5,420,21.0,114.0,0.99784,7.85,0.5,9.5,0,melted,13.6,7,1.64,3,0,0,1,1,0,0,8
459,0.71,17.5,420,21.0,114.0,0.99784,7.85,0.5,9.5,0,melted,13.6,7,1.44,3,0,0,1,1,0,0,8
460,0.28,4.2,440,52.0,158.0,0.992,8.35,0.44,10.7,0,melted,11.2,7,1.53,3,0,0,1,0,0,0,9
461,0.28,1.1,340,55.0,108.0,0.98939,8.0,0.52,11.9,0,melted,13.2,7,1.23,3,0,0,1,1,0,0,8
462,0.24,1.4,330,65.0,169.0,0.9904299999999999,8.59,0.56,12.3,0,melted,11.6,7,1.09,3,0,0,1,0,0,0,10
463,0.18,1.8,460,31.0,114.0,0.99226,8.27,0.55,10.8,0,melted,13.6,7,1.38,3,0,0,1,1,0,0,8
464,0.3,1.2,370,11.0,95.0,0.9891399999999999,7.96,0.36,12.5,0,melted,14.4,7,1.37,3,0,0,1,0,0,0,8
465,0.28,26.05,310,27.0,122.0,1.00295,8.06,0.42,10.6,0,melted,13.6,7,1.43,3,0,1,1,0,0,0,8
466,0.26,4.7,400,108.0,168.0,0.9927799999999999,8.07,0.75,10.7,0,melted,12.6,7,1.78,3,0,0,1,0,0,0,7
467,0.28,26.05,310,27.0,122.0,1.00295,8.06,0.42,10.6,0,melted,13.6,7,1.53,3,0,1,1,0,0,0,8
468,0.33,0.9,410,20.0,117.0,0.9904799999999999,8.21,0.5,11.4,0,melted,14.0,7,1.8,3,0,0,1,0,0,0,7
469,0.2,5.7,1180,61.0,172.0,0.9946,8.24,0.43,9.5,0,melted,12.8,7,1.59,3,1,0,0,0,0,0,8
470,0.32,2.4,140,34.0,89.0,0.99008,8.24,0.66,12.5,0,melted,12.8,7,1.8,3,0,0,1,0,0,0,11
471,0.33,4.9,470,42.0,130.0,0.9928299999999999,8.12,0.56,11.0,0,melted,13.6,7,1.84,3,0,0,1,1,0,0,8
472,0.16,2.7,360,34.0,128.0,0.98856,8.2,0.53,13.2,0,melted,10.8,7,1.3,3,1,1,0,0,0,0,10
473,0.26,11.0,300,2.0,82.0,0.9940200000000001,8.07,0.36,11.2,0,melted,13.0,7,1.01,3,0,0,1,0,0,0,6
474,0.25,18.8,850,19.0,111.0,1.00044,8.1,0.51,8.7,0,melted,14.4,7,1.53,3,0,0,1,0,0,0,7
475,0.27,9.6,370,19.0,105.0,0.99444,8.04,0.37,10.5,0,melted,14.2,7,1.56,3,0,0,1,0,0,0,6
476,0.41,12.9,440,79.5,183.0,0.9974200000000001,8.24,0.78,10.2,0,melted,13.6,7,1.28,3,0,0,1,1,0,0,8
477,0.37,1.6,870,27.0,177.0,0.9943799999999999,8.09,0.5,9.8,0,melted,15.2,7,1.37,3,1,0,0,0,0,0,7
478,0.27,12.0,300,39.0,98.0,0.9940200000000001,8.15,0.34,10.8,0,melted,12.0,7,1.33,3,0,0,1,1,0,0,9
479,0.35,2.5,400,41.0,186.0,0.9912799999999999,8.32,0.56,12.5,0,melted,14.2,7,1.05,3,0,0,1,0,0,0,10
480,0.24,4.4,270,37.0,150.0,0.991,8.3,0.31,11.5,0,melted,11.2,7,1.22,3,0,0,1,0,0,0,8
481,0.34,1.2,360,32.0,96.0,0.98961,8.06,0.74,11.6,0,melted,12.6,7,1.92,3,0,0,1,0,0,0,8
482,0.27,1.5,760,24.0,145.0,0.99344,8.1,0.52,10.1,0,melted,14.0,7,1.75,3,1,0,0,0,0,0,8
483,0.23,10.4,490,45.0,190.0,0.99754,8.12,0.51,8.8,0,melted,13.2,7,1.28,3,0,0,1,0,0,0,7
484,0.45,8.0,380,54.0,200.0,0.9956,8.18,0.48,9.5,0,melted,13.2,7,1.24,3,1,0,0,0,0,0,7
485,0.28,6.9,360,46.0,150.0,0.9929899999999999,8.36,0.44,10.8,0,melted,11.4,7,1.13,3,0,0,1,0,0,0,9
486,0.26,10.3,410,51.0,166.0,0.99382,8.08,0.35,11.6,0,melted,14.0,7,1.89,3,1,0,0,0,0,0,7
487,0.18,1.4,340,18.0,135.0,0.99174,8.32,0.35,10.2,0,melted,11.2,7,1.29,3,0,0,1,0,0,0,8
488,0.28,14.7,510,29.0,149.0,0.99792,7.96,0.39,9.0,0,melted,14.0,7,1.85,3,0,0,1,1,0,0,9
489,0.28,1.8,400,45.0,121.0,0.9904299999999999,8.02,0.4,11.9,0,melted,14.8,7,1.38,3,0,0,1,0,0,0,8
490,0.25,12.5,550,47.0,134.0,0.9975799999999999,8.3,0.51,9.0,0,melted,12.4,7,1.56,3,0,0,1,0,0,0,8
491,0.32,7.4,150,47.0,124.0,0.9927799999999999,7.99,0.39,11.0,0,melted,15.6,7,1.72,3,0,0,1,1,0,0,8
492,0.35,6.1,250,10.0,40.0,0.99244,7.79,0.52,10.9,0,melted,14.8,7,1.54,3,0,0,1,0,0,0,6
493,0.15,2.1,260,29.0,130.0,0.9895299999999999,8.39,0.77,13.4,0,melted,10.8,7,1.27,3,0,1,1,0,0,0,10
494,0.28,9.8,420,61.0,125.0,0.9953200000000001,8.14,0.42,10.2,0,melted,12.2,7,1.83,3,0,0,1,0,0,0,8
495,0.28,6.1,180,41.0,103.0,0.9912200000000001,8.24,0.32,12.2,0,melted,13.0,7,1.75,3,1,0,0,0,0,0,8
496,0.3,1.4,220,38.0,100.0,0.9909899999999999,8.42,0.57,11.4,0,melted,12.6,7,1.76,3,0,0,1,1,0,0,9
497,0.3,9.2,180,23.0,96.0,0.9938,8.08,0.29,11.0,0,melted,15.2,7,1.38,3,0,0,1,0,0,0,9
498,0.52,8.2,470,52.0,191.0,0.99541,8.16,0.47,9.5,0,melted,13.2,7,1.45,3,0,0,1,0,0,0,7
499,0.5,8.0,510,46.0,197.0,0.99536,8.18,0.47,9.5,0,melted,13.0,7,1.97,3,0,0,1,0,0,0,7
500,0.3,1.3,360,7.0,49.0,0.9924200000000001,7.99,0.73,10.3,0,melted,16.2,7,1.21,3,0,0,1,0,0,0,7
501,0.21,10.7,980,13.0,91.0,0.9965700000000001,8.03,0.47,9.3,0,melted,14.0,7,1.95,3,1,0,0,0,0,0,7
502,0.39,2.0,570,21.0,138.0,0.9917600000000001,8.05,0.52,10.9,0,melted,15.8,7,1.34,3,0,0,1,0,0,0,7
503,0.28,2.2,420,21.0,177.0,0.99166,8.2,0.57,11.4,0,melted,14.0,7,1.79,3,1,0,0,0,0,0,7
504,0.32,8.8,420,18.0,106.0,0.99172,8.28,0.33,12.9,0,melted,12.6,7,1.19,3,0,1,1,0,0,0,8
505,0.3,8.8,450,28.0,131.0,0.9953,8.12,0.59,9.9,0,melted,13.6,7,1.52,3,0,1,1,0,0,0,5
506,0.2,3.7,390,34.0,132.0,0.9915799999999999,8.0,0.38,10.7,0,melted,12.6,7,1.87,3,1,0,0,0,0,0,9
507,0.32,9.0,230,20.0,109.0,0.9926200000000001,8.34,0.35,12.6,0,melted,13.4,7,1.7,3,0,0,1,0,0,0,8
508,0.29,3.1,300,32.0,123.0,0.98913,8.41,0.33,13.7,0,melted,11.8,7,1.03,3,0,0,1,1,0,0,8
509,0.26,4.6,310,26.0,120.0,0.99198,8.4,0.73,12.5,0,melted,13.2,7,1.25,3,1,0,0,0,0,0,10
510,0.27,2.7,490,28.0,104.0,0.99224,8.46,0.55,10.3,0,melted,10.8,7,1.57,3,0,0,1,1,0,0,9
511,0.38,4.8,400,41.0,101.0,0.9896799999999999,8.24,0.56,13.1,0,melted,12.0,7,1.28,3,1,0,0,0,0,0,9
512,0.25,11.1,560,112.0,177.0,0.9961,8.08,0.36,9.4,0,melted,12.0,7,1.68,3,0,0,1,0,0,0,7
513,0.31,10.2,690,58.0,170.0,0.99692,8.18,0.49,9.4,0,melted,13.0,7,1.64,3,1,0,0,0,0,0,7
514,0.31,7.4,450,34.0,143.0,0.99226,8.06,0.55,12.2,0,melted,13.6,7,1.12,3,1,0,0,0,0,0,8
515,0.24,17.8,470,42.0,111.0,0.9989600000000001,8.1,0.45,8.9,0,melted,12.0,7,1.47,3,0,0,1,0,0,0,8
516,0.26,12.1,460,43.0,127.0,0.9951,8.16,0.37,10.8,0,melted,12.4,7,1.66,3,0,0,1,0,0,0,7
517,0.26,8.2,430,28.0,98.0,0.99234,7.99,0.31,11.4,0,melted,12.8,7,1.19,3,1,0,0,0,0,0,8
518,0.37,1.5,490,28.0,129.0,0.99226,8.15,0.52,10.8,0,melted,14.2,7,1.13,3,0,0,1,0,0,0,7
519,0.16,6.4,310,21.0,134.0,0.99151,8.24,0.46,12.2,0,melted,11.8,7,1.02,3,0,1,1,0,0,0,9
520,0.29,7.7,380,40.0,179.0,0.99479,8.23,0.56,10.4,0,melted,13.4,7,1.94,3,0,0,1,0,0,0,8
521,0.3,12.3,350,72.0,172.0,0.9954,7.99,0.57,10.4,0,melted,14.0,7,1.71,3,0,0,1,0,0,0,9
522,0.12,1.1,130,4.0,10.0,0.99246,8.32,0.36,13.5,0,melted,9.6,7,1.68,3,0,1,1,1,0,0,6
523,0.38,2.8,1440,12.0,65.0,0.9908,7.95,0.64,11.4,0,melted,12.2,7,1.16,3,0,0,1,0,0,0,8
524,0.18,1.9,360,33.0,106.0,0.98746,8.21,0.83,14.0,0,melted,10.0,7,1.29,3,0,1,1,0,0,0,9
525,0.3,6.2,400,49.0,139.0,0.99021,8.17,0.27,13.6,0,melted,14.2,7,1.16,3,1,0,0,0,0,0,8
526,0.28,1.6,370,31.0,113.0,0.98779,8.12,0.4,14.2,0,melted,12.8,7,1.92,3,1,0,0,0,0,0,11
527,0.28,1.4,350,28.0,107.0,0.98836,8.0,0.4,13.2,0,melted,13.2,7,1.09,3,1,0,0,0,0,0,7
528,0.34,14.8,570,46.0,173.0,0.99751,8.14,0.57,10.2,0,melted,14.6,7,1.23,3,1,0,0,0,0,0,9
529,0.3,2.4,380,30.0,83.0,0.98867,8.09,0.36,12.8,0,melted,13.4,7,1.49,3,1,0,0,0,0,0,9
530,0.36,6.7,1850,51.5,151.0,0.9952799999999999,8.17,0.42,9.3,0,melted,13.0,7,1.01,3,1,0,0,0,0,0,8
531,0.34,1.0,680,32.0,143.0,0.9913799999999999,8.24,0.4,10.1,0,melted,9.8,7,1.97,3,1,0,0,0,0,0,7
532,0.27,5.8,320,40.0,118.0,0.9908799999999999,8.17,0.53,13.0,0,melted,14.4,7,1.64,3,1,1,0,0,0,0,9
533,0.3,2.8,340,33.0,125.0,0.9915200000000001,8.03,0.49,10.4,0,melted,12.8,7,1.95,3,0,0,1,1,0,0,8
534,0.3,2.8,340,33.0,125.0,0.9915200000000001,8.03,0.49,10.4,0,melted,12.8,7,1.53,3,0,0,1,1,0,0,8
535,0.25,12.1,350,54.0,135.0,0.9948100000000001,8.21,0.4,10.7,0,melted,12.2,7,1.07,3,0,0,1,0,0,0,8
536,0.27,4.5,360,81.0,157.0,0.9928,8.05,0.76,10.7,0,melted,12.6,7,1.47,3,0,0,1,0,0,0,9
537,0.41,14.6,480,73.0,223.0,0.9986299999999999,8.16,0.71,9.4,0,melted,14.6,7,1.12,3,0,0,1,0,0,0,7
538,0.27,8.6,440,45.0,104.0,0.99454,8.2,0.37,9.9,0,melted,13.6,7,1.08,3,0,0,1,1,0,0,8
539,0.41,14.6,480,73.0,223.0,0.9986299999999999,8.16,0.71,9.4,0,melted,14.6,7,1.49,3,0,0,1,0,0,0,7
540,0.31,4.7,380,3.0,127.0,0.9918600000000001,7.9,0.72,12.1,0,melted,16.0,7,1.66,3,1,0,0,0,0,0,8
541,0.29,3.1,410,37.0,144.0,0.98944,8.22,0.39,12.8,0,melted,12.0,7,1.11,3,0,0,1,0,0,0,9
542,0.32,5.9,540,40.0,152.0,0.9938,8.2,0.57,10.8,0,melted,13.6,7,1.87,3,0,0,1,0,0,0,8
543,0.49,5.8,530,25.0,120.0,0.9942,8.01,0.98,10.5,0,melted,12.8,7,1.44,3,0,0,1,0,0,0,8
544,0.48,18.0,540,56.0,183.0,1.0003799999999998,7.98,0.61,8.5,0,melted,13.0,7,1.49,3,0,0,1,1,0,0,8
545,0.57,1.0,600,15.0,120.0,0.9924,8.06,0.41,9.5,0,melted,12.8,7,1.86,3,0,0,1,0,0,0,7
546,0.57,1.0,600,15.0,120.0,0.9924,8.06,0.41,9.5,0,melted,12.8,7,1.77,3,0,0,1,0,0,0,7
547,0.16,4.4,330,8.0,109.0,0.9905799999999999,8.35,0.47,12.4,0,melted,12.2,7,1.2,3,0,0,1,1,1,0,8
548,0.36,1.3,340,32.0,98.0,0.9905799999999999,8.02,0.58,11.3,0,melted,13.6,7,1.53,3,0,0,1,1,0,0,8
549,0.28,17.55,500,33.0,154.0,0.99971,7.94,0.43,9.0,0,melted,14.4,7,1.37,3,0,0,1,1,0,0,9
550,0.27,8.0,480,41.0,162.0,0.99498,8.21,0.51,9.9,0,melted,12.2,7,1.84,3,0,0,1,0,0,0,8
551,0.26,9.6,500,33.0,134.0,0.99608,8.13,0.46,10.4,0,melted,14.8,7,1.48,3,1,0,0,0,0,0,8
552,0.21,1.5,440,21.0,110.0,0.9913799999999999,8.3,0.57,11.0,0,melted,11.6,7,1.29,3,0,0,1,0,0,0,8
553,0.28,8.6,460,37.0,142.0,0.9943200000000001,8.23,0.53,10.6,0,melted,11.8,7,1.46,3,0,0,1,0,0,0,7
554,0.27,3.8,470,16.0,79.0,0.9917299999999999,8.07,0.46,11.3,0,melted,14.6,7,1.67,3,0,0,1,0,0,0,8
555,0.27,10.7,1100,20.0,103.0,0.99672,8.08,0.41,9.0,0,melted,13.2,7,1.74,3,0,1,1,0,0,0,8
556,0.28,7.9,570,21.0,82.0,0.99425,8.26,0.36,10.0,0,melted,12.8,7,1.34,3,0,0,1,1,0,0,8
557,0.23,14.2,370,24.0,99.0,0.9952799999999999,8.08,0.38,10.6,0,melted,12.6,7,1.78,3,0,0,1,0,0,0,8
558,0.23,9.5,570,54.0,166.0,0.9956799999999999,8.23,0.42,10.0,0,melted,13.8,7,1.85,3,1,0,0,0,0,0,7
559,0.45,1.4,390,36.0,122.0,0.99059,8.07,0.47,11.1,0,melted,13.8,7,1.73,3,1,0,0,0,0,0,8
560,0.26,20.3,370,45.0,150.0,0.9972700000000001,8.04,0.38,12.3,0,melted,13.6,7,1.13,3,1,0,0,0,0,0,9
561,0.22,2.7,430,46.0,153.0,0.9923799999999999,8.75,0.76,11.3,0,melted,10.0,7,1.17,3,0,0,1,0,0,0,9
562,0.31,3.5,460,22.0,147.0,0.99024,8.15,0.31,12.0,0,melted,13.0,7,1.45,3,0,1,1,0,0,0,8
563,0.5,12.1,490,48.0,122.0,0.9973,8.01,0.44,9.0,0,melted,14.8,7,1.46,3,0,0,1,0,0,0,8
564,0.22,17.45,540,42.0,151.0,0.9985299999999999,8.12,0.6,9.3,0,melted,12.6,7,1.39,3,0,0,1,0,0,0,6
565,0.25,12.1,590,33.0,171.0,0.99769,8.14,0.56,8.7,0,melted,12.4,7,1.98,3,1,0,0,0,0,0,8
566,0.26,8.6,480,47.0,206.0,0.9964,8.26,0.36,9.1,0,melted,14.8,7,1.07,3,1,0,0,0,0,0,7
567,0.26,8.6,480,47.0,206.0,0.9964,8.26,0.36,9.1,0,melted,14.8,7,1.65,3,1,0,0,0,0,0,7
568,0.29,11.9,520,54.0,160.0,0.99546,8.03,0.58,10.4,0,melted,13.6,7,1.05,3,0,0,1,0,0,0,8
569,0.25,15.0,550,8.0,120.0,0.9976700000000001,8.19,0.53,9.6,0,melted,12.4,7,1.16,3,0,0,1,0,0,0,7
570,0.25,15.0,550,8.0,120.0,0.9976700000000001,8.19,0.53,9.6,0,melted,12.4,7,1.87,3,0,0,1,0,0,0,7
571,0.3,13.7,560,33.0,168.0,0.99825,7.9,0.44,8.7,0,melted,14.8,7,1.82,3,0,0,1,1,0,0,9
572,0.3,13.7,560,33.0,168.0,0.99825,7.9,0.44,8.7,0,melted,14.8,7,1.11,3,0,0,1,1,0,0,9
573,0.33,3.2,490,68.0,161.0,0.99324,8.1,0.69,10.2,0,melted,13.6,7,1.03,3,0,0,1,0,0,0,9
574,0.4,15.4,520,81.0,198.0,0.9986,8.2,0.69,9.4,0,melted,13.8,7,1.23,3,0,0,1,0,0,0,7
575,0.3,1.4,400,14.0,63.0,0.98985,8.2,0.33,12.0,0,melted,14.0,7,1.29,3,0,0,1,0,0,0,9
576,0.24,6.5,440,28.0,100.0,0.9934799999999999,8.12,0.33,10.2,0,melted,13.4,7,1.8,3,0,0,1,0,0,0,8
577,0.53,12.9,490,63.0,139.0,0.99792,7.94,0.45,9.1,0,melted,15.8,7,1.59,3,1,0,0,0,0,0,8
578,0.42,11.8,410,32.0,193.0,0.99624,8.04,0.49,10.0,0,melted,14.2,7,1.24,3,1,0,0,0,0,0,8
579,0.32,4.6,410,31.0,180.0,0.9918399999999999,7.92,0.74,12.2,0,melted,16.0,7,1.45,3,1,0,0,0,0,0,8
580,0.24,12.1,560,68.0,210.0,0.99718,8.05,0.5,9.5,0,melted,14.0,7,1.14,3,0,1,1,0,0,0,7
581,0.11,1.1,290,6.0,51.0,0.9907600000000001,8.51,0.48,11.2,0,melted,10.6,7,1.85,3,0,1,1,0,0,0,6
582,0.35,6.5,290,26.0,87.0,0.99092,8.29,0.44,12.5,0,melted,10.8,7,1.2,3,0,0,1,0,0,0,8
583,0.37,2.5,660,29.0,89.0,0.98964,8.14,0.42,12.7,0,melted,15.0,7,1.59,3,1,0,0,0,0,0,9
584,0.3,1.2,300,27.0,80.0,0.99192,8.05,0.68,10.5,0,melted,15.0,7,1.6,3,0,0,1,0,0,0,8
585,0.36,1.8,410,38.0,90.0,0.9900200000000001,8.27,0.98,11.9,0,melted,11.4,7,1.4,3,0,0,1,0,0,0,9
586,0.29,4.2,370,69.0,144.0,0.9921399999999999,8.13,0.74,10.8,0,melted,11.8,7,1.08,3,0,0,1,0,0,0,9
587,0.48,13.5,380,44.0,116.0,0.9982,8.04,0.48,9.2,0,melted,15.2,7,1.02,3,1,0,0,0,0,0,8
588,0.2,1.6,400,26.0,114.0,0.99105,8.25,0.45,11.4,0,melted,11.8,7,1.18,3,0,0,1,1,0,0,8
589,0.19,2.2,440,39.0,161.0,0.9920899999999999,8.19,0.43,10.4,0,melted,11.0,7,1.75,3,0,0,1,0,0,0,8
590,0.22,5.25,380,44.0,145.0,0.9918399999999999,8.22,0.4,11.2,0,melted,12.4,7,1.77,3,1,0,0,0,0,0,9
591,0.05,8.0,360,19.0,164.0,0.99269,8.26,0.46,12.2,0,melted,14.0,7,1.35,3,1,1,0,0,0,0,9
592,0.22,5.25,380,44.0,145.0,0.9918399999999999,8.22,0.4,11.2,0,melted,12.4,7,1.63,3,1,0,0,0,0,0,9
593,0.27,2.3,440,20.0,117.0,0.9895,8.31,0.41,12.7,0,melted,12.0,7,1.57,3,0,0,1,0,0,0,9
594,0.24,17.8,590,23.0,124.0,0.9977299999999999,8.3,0.5,10.1,0,melted,11.4,7,1.97,3,0,0,1,0,0,0,7
595,0.23,8.9,1050,22.0,155.0,0.99692,8.01,0.58,9.5,0,melted,14.4,7,1.93,3,1,0,0,0,0,0,7
596,0.24,7.4,440,21.0,113.0,0.9946200000000001,8.38,0.58,10.5,0,melted,11.8,7,1.54,3,0,0,1,0,0,0,8
597,0.27,11.5,500,51.0,133.0,0.9947600000000001,8.22,0.37,10.8,0,melted,12.2,7,1.11,3,0,0,1,0,0,0,8
598,0.27,1.6,390,36.0,116.0,0.9917799999999999,8.38,0.57,11.0,0,melted,13.0,7,1.64,3,0,0,1,0,0,0,8
599,0.25,4.8,380,16.0,121.0,0.99198,8.36,0.71,12.6,0,melted,13.2,7,1.95,3,1,0,0,0,0,0,8
600,0.29,4.2,430,33.0,114.0,0.9902,8.16,0.31,12.5,0,melted,13.8,7,1.16,3,0,0,1,0,0,0,8
601,0.24,5.4,350,33.0,115.0,0.9901,8.12,0.44,12.8933333333333,0,melted,13.4,7,1.91,3,0,1,1,0,0,0,9
602,0.28,1.0,430,45.0,100.0,0.9903299999999999,8.4,0.41,11.4,0,melted,11.8,7,1.42,3,0,0,1,0,0,0,9
603,0.27,13.9,570,45.0,155.0,0.9980700000000001,7.94,0.41,8.8,0,melted,14.6,7,1.11,3,0,0,1,1,0,0,10
604,0.29,2.0,440,15.0,96.0,0.9923200000000001,8.23,0.64,10.4,0,melted,13.6,7,1.15,3,0,0,1,0,0,0,7
605,0.35,3.2,340,21.0,107.0,0.99195,8.11,0.54,11.1,0,melted,14.2,7,1.69,3,0,0,1,0,0,0,7
606,0.2,7.5,500,44.0,179.0,0.9950399999999999,8.18,0.48,9.53333333333333,0,melted,13.0,7,1.65,3,0,0,1,0,0,0,7
607,0.2,5.8,620,52.0,203.0,0.99461,8.17,0.44,9.8,0,melted,14.4,7,1.33,3,1,0,0,0,0,0,7
608,0.25,11.2,480,32.0,136.0,0.9966299999999999,8.14,0.4,9.5,0,melted,14.2,7,1.21,3,1,0,0,0,0,0,7
609,0.21,9.65,410,36.0,119.0,0.99334,7.99,0.34,10.933333333333302,0,melted,12.8,7,1.39,3,0,0,1,0,0,0,8
610,0.23,3.5,380,23.0,112.0,0.9915700000000001,8.05,0.37,11.3666666666667,0,melted,14.2,7,1.24,3,0,0,1,0,0,0,9
611,0.29,7.3,500,33.0,143.0,0.9933200000000001,8.31,0.5,11.066666666666698,0,melted,11.4,7,1.48,3,1,0,0,0,0,0,7
612,0.31,5.0,430,54.0,170.0,0.9924,8.28,0.52,11.0,0,melted,12.0,7,1.54,3,0,0,1,0,0,0,8
613,0.33,1.2,390,34.0,97.0,0.9911200000000001,8.11,0.75,11.2,0,melted,14.2,7,1.55,3,0,0,1,0,0,0,9
614,0.22,9.5,400,30.0,111.0,0.9933799999999999,8.05,0.31,10.8,0,melted,12.6,7,1.97,3,0,0,1,0,0,0,8
615,0.44,15.8,570,39.0,167.0,0.9980399999999999,8.14,0.51,9.2,0,melted,12.4,7,1.96,3,0,0,1,0,0,0,7
616,0.26,11.8,530,55.0,173.0,0.9969899999999999,8.11,0.6,9.8,0,melted,14.8,7,1.41,3,0,0,1,0,0,0,7
617,0.26,11.8,530,55.0,173.0,0.9969899999999999,8.11,0.6,9.8,0,melted,14.8,7,1.87,3,0,0,1,0,0,0,7
618,0.28,2.2,400,24.0,125.0,0.9917,8.19,0.48,10.5,0,melted,12.4,7,1.36,3,0,0,1,0,0,0,8
619,0.23,17.3,470,37.0,118.0,0.9990600000000001,8.08,0.46,8.8,0,melted,13.2,7,1.9,3,0,0,1,0,0,0,8
620,0.23,17.3,470,37.0,118.0,0.9990600000000001,8.08,0.46,8.8,0,melted,13.2,7,1.76,3,0,0,1,0,0,0,8
621,0.52,6.5,470,28.0,123.0,0.99418,8.22,0.49,9.9,0,melted,12.4,7,1.55,3,0,0,1,0,0,0,8
622,0.34,2.8,420,59.5,162.0,0.99179,8.27,0.47,10.8,0,melted,12.2,7,1.28,3,1,0,0,0,0,0,8
623,0.28,2.8,430,17.0,67.0,0.98924,8.21,0.47,13.2,0,melted,13.2,7,1.28,3,1,0,0,0,0,0,9
624,0.26,10.9,600,55.0,193.0,0.9969,8.21,0.44,9.4,0,melted,13.8,7,1.29,3,1,1,0,0,0,0,7
625,0.3,9.15,510,25.0,166.0,0.99339,8.24,0.56,11.333333333333302,0,melted,13.0,7,1.16,3,0,0,1,0,0,0,8
626,0.31,16.4,510,20.0,146.0,0.99834,8.06,0.54,9.1,0,melted,13.4,7,1.1,3,1,0,0,0,0,0,8
627,0.31,16.4,510,20.0,146.0,0.99834,8.06,0.54,9.1,0,melted,13.4,7,1.48,3,1,0,0,0,0,0,8
628,0.29,19.3,510,36.0,174.0,0.99911,8.14,0.5,9.0,0,melted,12.0,7,1.02,3,0,0,1,0,0,0,7
629,0.27,2.1,420,35.0,100.0,0.9909399999999999,8.03,0.63,10.9,0,melted,12.8,7,1.61,3,0,0,1,0,0,0,9
630,0.29,1.0,420,35.0,90.0,0.9908,8.76,0.49,11.3,0,melted,9.4,7,1.79,3,0,0,1,1,0,0,9
631,0.33,1.9,360,37.0,110.0,0.98945,8.26,0.58,12.4,0,melted,11.4,7,1.75,3,0,0,1,0,0,0,8
632,0.18,1.2,580,7.0,108.0,0.9928799999999999,8.23,0.58,9.55,0,melted,11.6,7,1.48,3,0,0,1,0,0,0,7
633,0.26,4.5,530,17.0,126.0,0.9943,8.24,0.46,9.1,0,melted,11.6,7,1.49,3,1,1,0,0,0,0,7
634,0.33,2.0,330,12.0,74.0,0.99064,8.29,0.65,12.5,0,melted,13.4,7,1.61,3,1,0,0,0,0,0,8
635,0.17,1.3,610,14.0,100.0,0.9925,8.07,0.55,9.5,0,melted,13.4,7,1.13,3,0,0,1,0,0,0,6
636,0.32,1.1,340,24.0,110.0,0.9898,8.36,0.4,12.5,0,melted,12.2,7,1.85,3,0,0,1,0,0,0,8
637,0.18,9.0,510,28.5,259.0,0.9964,8.19,0.5,8.8,0,melted,12.2,7,1.34,3,0,1,1,0,0,0,7
638,0.22,12.7,580,24.0,183.0,0.9956,8.32,0.42,11.7,0,melted,11.6,7,1.06,3,0,0,1,1,0,0,8
639,0.21,1.3,560,35.0,121.0,0.9908,8.32,0.33,11.4,0,melted,11.6,7,1.28,3,0,0,1,1,0,0,8
640,0.37,9.1,370,16.0,76.0,0.9948,8.05,0.54,11.1,0,melted,13.8,7,1.3,3,0,0,1,0,0,0,7
641,0.22,14.7,470,51.0,183.0,0.998275,8.39,0.6,10.5,0,melted,12.8,7,1.91,3,0,1,1,0,0,0,6
642,0.3,3.9,260,36.0,105.0,0.9896299999999999,8.26,0.58,12.75,0,melted,11.4,7,1.77,3,0,0,1,0,0,0,8
643,0.32,9.3,400,22.0,110.0,0.9958,8.34,0.54,10.7,0,melted,13.8,7,1.35,3,0,0,1,0,0,0,8
644,0.15,1.1,290,12.0,83.0,0.9898,8.3,0.4,11.4,0,melted,11.6,7,1.94,3,0,0,1,0,0,0,9
645,0.32,1.2,420,40.0,98.0,0.9898,8.42,0.64,11.8,0,melted,9.6,7,1.11,3,0,0,1,1,0,0,9
646,0.23,11.8,300,23.0,158.0,0.9932200000000001,8.41,0.64,11.8,0,melted,10.0,7,1.25,3,1,0,0,0,0,0,8
647,0.35,10.0,350,22.0,108.0,0.9945700000000001,8.12,0.36,11.6,0,melted,16.0,7,1.5,3,1,0,0,0,0,0,8
648,0.3,2.2,350,26.0,129.0,0.9890000000000001,8.32,0.47,12.9,0,melted,11.6,7,1.46,3,0,1,1,0,0,0,10
649,0.35,6.9,300,45.0,116.0,0.99244,7.8,0.54,11.0,0,melted,13.8,7,1.51,3,0,0,1,0,0,0,8
650,0.18,2.0,360,23.0,129.0,0.98949,8.36,0.77,13.4,0,melted,10.4,7,1.12,3,1,1,0,0,0,0,10
651,0.23,6.65,340,6.0,158.0,0.99344,8.05,0.48,11.2,0,melted,16.6,7,1.33,3,0,1,1,0,0,0,7
652,0.38,10.7,380,49.0,136.0,0.99366,8.11,0.59,11.2,0,melted,11.6,7,1.48,3,0,0,1,0,0,0,9
653,0.36,1.2,350,43.0,126.0,0.9909399999999999,8.01,0.63,11.4,0,melted,13.2,7,1.04,3,0,0,1,0,0,0,8
654,0.3,1.3,300,25.0,98.0,0.9896799999999999,8.37,0.43,12.4,0,melted,11.4,7,1.25,3,0,0,1,0,0,0,9
655,0.22,3.4,350,40.0,122.0,0.99024,8.09,0.47,12.3,0,melted,13.6,7,1.92,3,0,0,1,0,0,0,9
656,0.06,6.8,420,9.0,84.0,0.9943200000000001,8.44,0.44,10.2,0,melted,11.4,7,1.69,3,0,1,1,1,0,0,7
657,0.28,2.5,350,18.0,73.0,0.9886799999999999,8.1,0.47,12.8,0,melted,12.6,7,1.08,3,1,0,0,0,0,0,8
658,0.36,8.2,280,44.0,111.0,0.99272,8.14,0.41,12.4,0,melted,14.6,7,1.45,3,0,0,1,1,0,0,8
659,0.34,6.1,340,31.0,114.0,0.99365,8.32,0.58,10.15,0,melted,12.2,7,1.11,3,0,0,1,1,0,0,9
660,0.33,6.0,360,30.0,111.0,0.9936200000000001,8.32,0.58,10.15,0,melted,12.0,7,1.92,3,0,0,1,1,0,0,9
661,0.49,11.4,350,57.0,137.0,0.9973200000000001,8.08,0.54,8.9,0,melted,13.2,7,1.93,3,0,0,1,0,0,0,8
662,0.33,0.7,270,15.0,66.0,0.9899,8.11,0.31,11.8,0,melted,13.6,7,1.04,3,1,0,0,0,0,0,9
663,0.32,10.4,620,23.0,114.0,0.9966,8.23,0.49,10.5,0,melted,14.4,7,1.18,3,0,0,1,0,0,0,5
664,0.32,12.5,350,18.0,156.0,0.99666,7.88,0.36,9.0,0,melted,13.4,7,1.32,3,0,0,1,1,0,0,8
665,0.32,12.5,350,18.0,156.0,0.99666,7.88,0.36,9.0,0,melted,13.4,7,1.49,3,0,0,1,1,0,0,8
666,0.09,7.6,440,34.0,144.0,0.9948,8.26,0.38,10.1,0,melted,12.8,7,1.82,3,0,1,1,1,0,0,8
667,0.28,1.4,370,36.0,83.0,0.99074,8.33,0.42,10.9,0,melted,11.8,7,1.64,3,0,0,1,1,0,0,7
668,0.16,12.55,510,31.0,115.0,0.99564,8.4,0.38,10.8,0,melted,11.2,7,1.52,3,0,0,1,0,0,0,8
669,0.38,2.6,330,10.0,69.0,0.9909,8.12,0.59,10.8,0,melted,11.0,7,1.96,3,1,0,0,0,0,0,8
670,0.32,1.3,440,18.0,93.0,0.99044,8.11,0.56,12.25,0,melted,13.2,7,1.73,3,0,0,1,0,0,0,8
671,0.33,10.7,360,27.0,98.0,0.99521,8.34,0.52,10.2,0,melted,12.2,7,1.77,3,1,0,0,0,0,0,8
672,0.36,1.7,420,14.0,61.0,0.99144,8.22,0.54,10.8,0,melted,12.0,7,1.94,3,0,0,1,1,0,0,8
673,0.32,3.6,350,36.0,133.0,0.99215,8.23,0.46,10.8,0,melted,12.0,7,1.6,3,0,0,1,0,0,0,9
674,0.25,2.9,470,289.0,440.0,0.9931399999999999,8.44,0.64,10.5,0,melted,12.2,7,1.69,3,0,0,1,0,0,0,8
675,0.36,1.3,350,40.0,78.0,0.9891,8.23,0.64,12.1,0,melted,10.2,7,1.35,3,0,0,1,0,0,0,9
676,0.73,2.2,270,21.0,92.0,0.99,8.12,0.48,12.4,0,melted,13.2,7,1.5,3,0,0,1,0,0,0,9
677,0.26,3.5,350,38.0,111.0,0.98872,8.18,0.47,13.6,0,melted,12.0,7,1.14,3,1,0,0,0,0,0,9
678,0.3,13.0,470,69.0,160.0,0.99705,8.16,0.5,9.6,0,melted,13.6,7,1.99,3,0,0,1,0,0,0,8
679,0.32,2.0,340,31.0,102.0,0.9895200000000001,8.16,0.56,12.3,0,melted,11.8,7,1.99,3,0,0,1,0,0,0,9
680,0.5,12.1,450,38.0,127.0,0.9974,8.04,0.53,8.9,0,melted,13.4,7,1.57,3,1,0,0,0,0,0,8
681,0.33,1.1,390,45.0,126.0,0.99051,8.31,0.45,11.6,0,melted,12.0,7,1.51,3,0,0,1,0,0,0,9
682,0.46,0.9,330,9.0,65.0,0.98934,8.24,0.35,12.1,0,melted,12.0,7,1.31,3,1,0,0,0,0,0,9
683,0.09,10.9,510,37.0,131.0,0.99566,7.93,0.62,9.5,0,melted,13.2,7,1.94,3,0,0,1,0,0,0,7
684,0.01,3.2,410,18.0,120.0,0.99026,8.2,0.94,13.7,0,melted,12.4,7,1.26,3,0,1,0,1,0,0,8
685,0.25,3.7,310,38.0,122.0,0.9912799999999999,8.2,0.63,11.2,0,melted,11.6,7,1.53,3,1,0,0,0,0,0,8
686,0.35,5.1,260,17.0,113.0,0.9905200000000001,8.18,0.67,12.4,0,melted,11.4,7,1.56,3,0,1,1,0,0,0,8
687,0.5,1.0,1270,63.0,178.0,0.9921200000000001,8.1,0.45,9.7,0,melted,11.6,7,1.82,3,1,0,0,0,0,0,7
688,0.47,1.3,430,18.0,131.0,0.9917600000000001,8.19,0.45,11.0,0,melted,14.0,7,1.31,3,0,0,1,0,0,0,8
689,0.35,10.3,420,54.0,140.0,0.9967,8.23,0.47,9.2,0,melted,12.8,7,1.18,3,0,0,1,0,0,0,8
690,0.35,10.3,420,54.0,140.0,0.9967,8.23,0.47,9.2,0,melted,12.8,7,1.55,3,0,0,1,0,0,0,8
691,0.26,1.1,350,40.0,102.0,0.99154,8.47,0.56,10.6,0,melted,11.2,7,1.5,3,0,0,1,0,0,0,9
692,0.24,7.4,380,28.0,114.0,0.99313,8.38,0.51,11.0,0,melted,10.6,7,1.97,3,0,0,1,0,0,0,8
693,0.44,8.9,550,52.0,164.0,0.9948799999999999,8.1,0.48,9.6,0,melted,12.8,7,1.57,3,1,0,0,0,0,0,7
694,0.29,3.9,410,22.0,79.0,0.99005,8.1,0.59,12.066666666666698,0,melted,12.4,7,1.34,3,1,0,0,0,0,0,8
695,0.34,1.4,310,3.0,60.0,0.98854,8.27,0.38,13.0,0,melted,10.6,7,1.08,3,0,1,1,1,0,0,7
696,0.33,10.1,320,8.0,81.0,0.99626,8.19,0.51,9.8,0,melted,13.2,7,1.49,3,0,0,1,0,0,0,7
697,0.4,1.9,150,20.0,98.0,0.9897,8.37,0.55,12.05,0,melted,10.0,7,1.56,3,0,0,1,0,0,0,8
698,0.42,2.5,380,34.0,117.0,0.9913200000000001,8.36,0.59,11.6,0,melted,12.4,7,1.56,3,1,0,0,0,0,0,8
699,0.0,0.8,320,12.0,82.0,0.9928600000000001,8.25,0.36,8.8,0,melted,11.8,7,1.61,3,1,1,0,0,0,0,7
700,0.4,8.1,460,68.0,170.0,0.9949399999999999,8.15,0.5,9.53333333333333,0,melted,13.2,7,1.81,3,1,0,0,0,0,0,8
701,0.17,1.9,350,60.0,148.0,0.98964,8.27,0.35,11.5,0,melted,9.8,7,1.5,3,0,1,1,0,0,0,6
702,0.4,8.1,460,68.0,170.0,0.9949399999999999,8.15,0.5,9.55,0,melted,13.2,7,1.54,3,1,0,0,0,0,0,8
703,0.28,5.7,280,45.0,121.0,0.9916799999999999,8.21,1.08,12.15,0,melted,12.4,7,1.73,3,0,0,1,0,0,0,8
704,0.29,2.2,360,25.0,100.0,0.9893799999999999,8.06,0.44,11.8,0,melted,12.2,7,1.9,3,1,0,0,0,0,0,9
705,0.3,1.1,220,20.0,110.0,0.98869,8.34,0.38,12.8,0,melted,11.0,7,1.62,3,0,0,1,0,0,0,10
706,0.18,3.8,1760,52.0,145.0,0.9986,8.16,0.88,9.2,0,cubed,17.8,7,1.46,3,0,1,1,1,0,1,5
707,0.24,1.8,800,4.0,11.0,0.9962,8.28,0.59,9.5,0,cubed,15.2,7,1.03,3,0,1,1,0,0,1,5
708,0.07,2.4,890,17.0,82.0,0.9958,8.35,0.54,10.1,0,cubed,13.4,7,1.67,3,0,1,1,1,0,1,5
709,0.04,2.1,680,6.0,14.0,0.9955,8.39,0.64,9.4,0,cubed,13.2,7,1.77,3,1,1,0,0,0,1,6
710,0.3,2.1,840,11.0,50.0,0.9972,8.4,0.61,10.2,0,cubed,16.6,7,1.01,3,0,1,1,1,0,1,5
711,0.14,2.4,670,10.0,42.0,0.9969,8.19,0.59,9.5,0,cubed,17.6,7,1.57,3,0,1,1,1,0,1,5
712,0.36,1.6,890,14.0,37.0,0.99615,8.34,0.56,9.2,0,cubed,14.0,7,1.66,3,0,1,1,0,0,1,5
713,0.31,1.8,690,26.0,120.0,0.99625,8.29,0.53,9.3,0,cubed,15.6,7,1.06,3,1,1,0,0,0,1,5
714,0.16,2.0,1010,13.0,49.0,0.9962,8.14,0.57,11.0,0,cubed,17.4,7,1.28,3,0,1,1,1,0,1,6
715,0.25,2.6,730,29.0,63.0,0.99615,8.37,0.58,10.5,0,cubed,15.4,7,1.61,3,0,1,1,0,0,1,6
716,0.25,2.4,980,5.0,16.0,0.9964,8.41,0.6,10.1,0,cubed,13.8,7,1.52,3,1,0,0,0,0,1,4
717,0.38,1.7,620,9.0,30.0,0.9968,8.41,0.53,9.5,0,cubed,14.8,7,1.64,3,0,0,1,0,0,1,5
718,0.5,4.5,1070,5.0,13.0,0.998,8.28,0.83,11.5,0,cubed,20.6,7,1.03,3,0,1,1,0,0,1,7
719,0.39,2.0,610,7.0,15.0,0.9981,8.18,0.62,9.5,0,cubed,21.4,7,1.36,3,0,1,1,0,0,1,6
720,0.28,3.2,660,21.0,114.0,0.9973,8.22,0.54,9.4,0,cubed,16.0,7,1.4,3,1,1,0,0,0,1,5
721,0.5,2.4,660,10.0,21.0,1.0,8.12,1.18,9.2,0,cubed,24.4,7,1.59,3,1,0,0,0,0,1,6
722,0.67,3.0,930,6.0,15.0,0.9986,8.02,0.93,12.0,0,cubed,27.6,7,1.47,3,0,1,1,0,0,1,6
723,0.66,2.95,1160,12.0,29.0,0.997,8.24,0.75,11.7,0,cubed,21.0,7,1.32,3,0,1,1,0,0,1,7
724,0.61,2.0,1120,13.0,95.0,0.997,8.16,0.54,9.1,0,cubed,16.8,7,1.76,3,0,1,1,1,0,1,5
725,0.59,2.6,870,13.0,49.0,0.9988,8.18,0.65,11.0,0,cubed,23.0,7,1.57,3,1,1,0,0,0,1,6
726,0.58,3.7,1740,6.0,16.0,0.997,8.19,0.7,11.3,0,cubed,20.8,7,1.32,3,1,0,0,0,0,1,7
727,0.55,3.2,760,22.0,54.0,0.9996,8.15,0.89,9.9,0,cubed,20.8,7,1.75,3,0,1,1,0,0,1,6
728,0.72,2.2,720,6.0,29.0,0.9987,7.88,0.82,9.8,0,cubed,25.2,7,1.49,3,1,0,0,0,0,1,5
729,0.02,1.2,700,36.0,48.0,0.9952,8.2,0.58,9.8,0,cubed,17.4,7,1.67,3,0,0,1,0,1,1,5
730,0.39,15.5,690,6.0,23.0,1.0026,8.12,0.66,9.2,0,cubed,21.2,7,1.55,3,0,0,1,0,0,1,6
731,0.31,3.0,860,23.0,81.0,1.0002,8.48,0.74,11.6,0,cubed,17.4,7,1.82,3,0,1,1,1,0,1,6
732,0.47,1.9,780,6.0,24.0,0.9976,8.18,1.04,10.9,0,cubed,21.0,7,1.03,3,0,0,1,0,0,1,6
733,0.49,4.6,730,19.0,43.0,0.9978,8.02,0.61,9.5,0,cubed,24.8,7,1.61,3,0,1,1,0,0,1,6
734,0.49,6.3,640,5.0,17.0,0.9988,8.21,0.73,11.0,0,cubed,19.0,7,2.0,3,0,1,1,0,0,1,6
735,0.41,3.3,920,26.0,52.0,0.9982,8.31,0.53,10.5,0,cubed,17.6,7,1.32,3,0,1,1,0,0,1,5
736,0.51,2.2,790,14.0,28.0,0.9982,8.03,0.93,9.8,0,cubed,23.0,7,1.13,3,1,0,0,0,0,1,5
737,0.45,2.3,710,16.0,40.0,0.9991,8.39,0.62,9.4,0,cubed,19.8,7,1.6,3,1,1,0,0,0,1,5
738,0.55,2.1,710,5.0,19.0,0.9986,8.11,0.62,10.8,0,cubed,23.6,7,1.76,3,1,0,0,0,0,1,6
739,0.28,2.6,780,21.0,77.0,0.998,8.28,0.51,9.8,0,cubed,19.8,7,1.59,3,0,1,0,1,0,1,5
740,0.08,2.7,840,15.0,48.0,0.9968,8.21,0.59,10.0,0,cubed,15.2,7,1.41,3,0,1,1,0,0,1,5
741,0.21,2.5,920,33.0,88.0,0.99823,8.19,0.52,9.2,0,cubed,17.6,7,1.67,3,0,1,1,0,0,1,5
742,0.28,2.4,120,36.0,100.0,0.99064,8.26,0.39,11.7,0,cubed,13.4,7,1.84,3,0,0,1,0,0,1,7
743,0.46,1.7,620,26.0,42.0,0.9959,8.18,0.83,10.6,0,cubed,19.8,7,1.61,3,0,0,1,0,0,1,7
744,0.0,2.1,680,30.0,35.0,0.9953299999999999,8.48,0.65,11.4,0,cubed,15.2,7,1.41,3,0,1,0,1,0,1,6
745,0.37,2.3,910,10.0,23.0,0.9978600000000001,8.24,0.56,10.5,0,cubed,19.2,7,1.55,3,0,1,1,0,0,1,6
746,0.12,1.7,970,19.0,27.0,0.9959600000000001,8.16,0.49,9.4,0,cubed,15.4,7,1.21,3,1,0,0,0,0,1,5
747,0.0,2.2,870,3.0,11.0,0.9937799999999999,8.71,0.63,12.8,0,cubed,11.2,7,1.43,3,0,1,1,1,0,1,7
748,0.36,2.8,1160,26.0,55.0,0.9972200000000001,8.18,0.68,10.9,0,cubed,19.2,7,1.44,3,1,1,0,0,0,1,6
749,0.46,2.2,750,14.0,27.0,0.99598,8.06,0.84,11.4,0,cubed,21.0,7,1.43,3,1,0,0,0,0,1,6
750,0.4,2.2,680,12.0,28.0,0.9948600000000001,8.27,0.75,12.6,0,cubed,17.8,7,1.07,3,1,0,0,0,0,1,7
751,0.01,1.8,930,9.0,15.0,0.9951399999999999,8.35,0.58,11.0,0,cubed,14.6,7,1.78,3,1,1,0,0,0,1,5
752,0.65,2.4,750,6.0,17.0,0.99565,8.22,0.63,11.8,0,cubed,20.4,7,1.03,3,0,0,1,0,0,1,5
753,0.53,2.2,600,3.0,10.0,0.99572,8.02,0.83,10.9,0,cubed,22.2,7,1.38,3,1,0,0,0,0,1,7
754,0.2,8.1,980,30.0,92.0,0.99892,8.2,0.58,9.2,0,cubed,15.0,7,1.4,3,0,1,0,1,0,1,5
755,0.56,1.4,470,3.0,8.0,0.99471,8.16,0.51,11.8,0,cubed,20.6,7,1.61,3,0,0,1,0,0,1,7
756,0.08,1.8,740,40.0,64.0,0.99529,8.12,0.49,9.6,0,cubed,13.6,7,1.59,3,0,1,1,0,0,1,6
757,0.07,2.5,910,15.0,21.0,0.99572,8.38,0.6,11.3,0,cubed,14.0,7,1.24,3,0,1,1,1,0,1,6
758,0.12,1.8,1780,6.0,21.0,0.996,8.28,0.87,9.8,0,cubed,15.6,7,1.49,3,1,1,0,0,0,1,5
759,0.0,2.2,1000,50.0,63.0,0.99544,8.59,0.68,11.4,0,cubed,13.2,7,1.47,3,1,1,0,0,0,1,6
760,0.51,1.75,710,45.0,88.0,0.99524,8.33,0.76,11.8,0,cubed,17.0,7,1.13,3,0,0,1,1,0,1,6
761,0.4,2.5,680,41.0,54.0,0.99754,8.38,0.86,10.5,0,cubed,20.4,7,1.65,3,0,1,1,0,0,1,5
762,0.46,2.1,740,24.0,44.0,0.99534,8.4,0.85,11.0,0,cubed,14.4,7,1.12,3,1,0,0,0,0,1,7
763,0.42,1.9,710,5.0,13.0,0.99659,8.15,0.75,10.5,0,cubed,19.2,7,1.82,3,1,0,0,0,0,1,5
764,0.29,2.1,750,19.0,66.0,0.99718,8.4,0.64,9.5,0,cubed,15.2,7,1.15,3,0,1,1,0,0,1,5
765,0.01,2.6,740,48.0,90.0,0.99621,8.38,0.62,10.8,0,cubed,15.6,7,1.77,3,0,0,1,0,1,1,5
766,0.0,2.7,1230,15.0,33.0,0.9953799999999999,8.44,0.63,11.3,0,cubed,13.6,7,1.24,3,0,1,1,1,0,1,6
767,0.24,1.7,770,18.0,34.0,0.9948,8.39,0.6,10.6,0,cubed,13.4,7,1.55,3,0,1,1,0,0,1,6
768,0.02,1.7,840,13.0,31.0,0.9953799999999999,8.36,0.54,10.5,0,cubed,15.0,7,1.97,3,1,1,0,0,0,1,6
769,0.26,2.0,830,13.0,100.0,0.9958600000000001,8.26,0.52,9.9,0,cubed,14.4,7,1.7,3,1,1,0,0,0,1,5
770,0.42,2.0,520,6.0,24.0,0.9963,8.44,0.82,11.9,0,cubed,15.2,7,1.84,3,1,0,0,0,0,1,7
771,0.59,2.2,770,3.0,15.0,0.9994,8.2,0.78,9.6,0,cubed,20.0,7,1.73,3,1,0,0,0,0,1,5
772,0.37,15.4,2140,55.0,95.0,1.00369,8.18,0.77,9.0,0,cubed,20.4,7,1.0,3,1,1,0,0,0,1,6
773,0.0,1.7,520,3.0,8.0,0.996,8.41,0.47,10.3,0,cubed,14.0,7,1.21,3,1,1,0,0,0,1,5
774,0.02,1.9,780,18.0,30.0,0.9971200000000001,8.4,0.75,9.8,0,cubed,13.8,7,1.01,3,0,1,1,1,0,1,5
775,0.19,5.2,940,19.0,98.0,0.99713,8.16,0.52,9.6,0,cubed,14.8,7,1.68,3,0,1,0,1,0,1,6
776,0.0,2.1,600,6.0,13.0,0.99664,8.59,0.61,10.0,0,cubed,12.4,7,1.38,3,0,1,0,1,0,1,4
777,0.08,2.3,670,19.0,32.0,0.9964799999999999,8.52,0.57,11.0,0,cubed,13.4,7,1.63,3,0,0,0,0,1,1,5
778,0.5,13.8,2050,48.0,82.0,1.00242,8.16,0.75,8.8,0,cubed,19.8,7,1.9,3,1,1,0,0,0,1,6
